cleaned_comment,sentiment_score,sentiment
great watch,0.6249,positive
question insert host rna use ca protein also second question add host rna dna first place rna ribose dna deoxyribose also rna uracil nitrogenous base instead thymine,0.0,neutral
thank good sir really helped presentation,0.6597,positive
filling gap evidence showed regarding allegation stop misleading people,-0.5994,negative
watched half dozen video far crispr video helped piece everything together enough detail thank much,0.3612,positive
awesome videooooooo loved,0.8402,positive
guess could used bad weapon good healing,-0.4215,negative
shivin sir,0.0,neutral
hate science,-0.5719,negative
love video handsome,0.8126,positive
transformed weaponized version eugenics specifically create altered version plague undesirable population hope dont use,0.2732,positive
god love,0.743,positive
great video,0.6249,positive
wow,0.5859,positive
always come back video need refresher crispr video thank,0.3612,positive
thank discussion,0.3612,positive
video helped every major step academic career st year medical student still come back video help thank much,0.6369,positive
someone tell done though like machine used,0.3612,positive
clear,0.3818,positive
crisper living,0.0,neutral
blestematilor focul lui putin sa va arda nimic nu sa ramana din dracoveniile voastre spurcate,0.0,neutral
thank,0.3612,positive
year later video continue saving life degree incredible explanation please love god hope future generation never take post,0.8885,positive
great explanation highly appreciated,0.8268,positive
good job think mistake given bacterial strain crispr sequence inserted oldest infection located farthest ca gene recent closest ca gene,0.0772,positive
thanks lot year wow,0.7717,positive
basically x men technology price come playing god half life,0.4404,positive
cambridge level biology writer come lecture rewrite book,0.0,neutral
good explanation thank sir,0.6597,positive
thank much loved every second,0.7506,positive
brilliant simple explanation,0.5859,positive
allowed invite college graduation,0.1531,positive
guy heard mitochondrion hint powerhouse cell,0.0,neutral
genetics insane dystopian future incoming,-0.4019,negative
thank helpful,0.6486,positive
crispr made way general public form sickle cell treatment limited trial believe,-0.2263,negative
stumbled across breakfast wonderful video concept explained lucidily,0.5719,positive
come rna binding dna shouldnt dna bind bacteriophage dna,0.0,neutral
gracias ni un solo video con el que pudiese entenderlo ahora ha quedado clarsimo,0.34,positive
super helpful,0.7717,positive
helpful,0.4215,positive
would target cell otherwise gene want silenced would removed cell targeted,0.0772,positive
im sure im exactly work beautiful job explaining base concept relatively unscientific shlub like thanks,0.891,positive
inevitably lead people getting cancer using via gene mutation radiation ct scanner adjuvant shot enough customer allopathic medicine industry,-0.6597,negative
ahh ya totally get thanks simple explanation much clearer,0.4902,positive
teacher adviced entire class watch video better understanding see saved essay man thank,0.802,positive
amazing,0.5859,positive
soooo helpful thank,0.6486,positive
biology student helped much amazing video,0.5859,positive
hey question hope still reading replying comment cure disease whose gene every cell body replace insert new gene replacing old one causing disease cell body,0.4404,positive
many played jenga know basic displacement human complete understanding genetics true explanation junk dna opinion science generic run like business may theory lacking research application red tape snipped prematurely hasten contract deal scary shit,-0.0258,neutral
honestly beautiful ill need rewatch tho,0.6249,positive
great lecture simplicity explained thanks,0.7906,positive
typically never leave comment video really taught entire lecture lecture video teracher assigned shes bad teacher actually like somehow everything get shaky concept crispr system didnt know feel though illegal knowledge government try take point life,-0.747,negative
thanks,0.4404,positive
loved,0.5994,positive
legend,0.0,neutral
first year med student thank,0.3612,positive
grade biology education though fairly smart ive taken interest thing genetic modification general easy follow anyone recommend advanced thing though go cutting gene detail chemical etc detail adding new dna,0.891,positive
helix superbug cure use crisp cut superbug short chain manageable size short chain bug drug known u mioa,-0.2732,negative
mega helpful thanks lot,0.6908,positive
best video topic,0.6369,positive
wow amazinf really hope get study kinda stuff university,0.7902,positive
bioformatics program internship instructor took hour,0.0,neutral
crispr potential life extension,0.0,neutral
theyve created artificial ribosomal sub unit,0.25,positive
thank professor tried explaining hr online make even enticing sleep hr saved,0.6486,positive
youre rockstar,0.0,neutral
really liked video educator teaching medical resident student please share create animation video thanks advance dr arora,0.8908,positive
thanks sharing awesome,0.8689,positive
thanks mr bozeman great explanation question want heal patient genetic disease crisprcas corrects one cell cell heal one cell healed cell overcome original cell,0.8625,positive
fantastic summarize short time thanks,0.7579,positive
watched video still confused found video understood everything finally thank,0.0516,positive
host dna rna incorporated inserting gene believe said,0.0,neutral
well really helpful thank much,0.7889,positive
love,0.6369,positive
would like permission use video presentation church livestream youtube website go,0.3612,positive
blow mind,0.0,neutral
loove u,0.0,neutral
awesome explanation,0.6249,positive
found new favourite channel,0.0,neutral
thanks exciting video extremely informational interested advantage trcrrnacrrna chimera,0.8845,positive
really helpful,0.4754,positive
amazing explanation thank,0.743,positive
there one quastion ib mind use scisprcas human body immune system react foreign protein ca,0.296,positive
helpful thanks sharing,0.8176,positive
hmmmm maybe fancy crispr thinguhmajigger help grow hair back,0.4019,positive
thank much,0.3612,positive
best sir love pakistan keep good work,0.9062,positive
thank informative video,0.3612,positive
thank finally got,0.3612,positive
thank life saver exam tomorrow,0.3612,positive
really possible reprogram dna adult possible embryo,0.0,neutral
think itll used fir good wrong greed money power horrific,-0.8074,negative
perfect,0.5719,positive
shut give wolf ear,0.0,neutral
could help al,0.4019,positive
wonder modified crispr cutting original double stranded dna original gene sequence go seem like enzyme cleave dna specific location remove desired gene want replace,0.7906,positive
preparing medsku interview tomorrow hope theyll ask something could show year old lord bless,0.6908,positive
amazing yet terrifying genetically modified human could someone inject virus crisper process started without knowledge,0.0258,neutral
interesting thanks paul never thought would understood watched till end thanks,0.8176,positive
great job video much layperson could grasp thank please one oligodendroglioma brain tumor,0.743,positive
third part engineered linear strand plasmid scientist put crspr linear dna gene edit cell,0.0,neutral
im english speaker understood video thank much explanation visual helped lot teacher like guy,0.6124,positive
crisper introduce something dont want sorry introduction seeing last year attempt control society grand scale individual supposedly controlling everything happens plan regulate everything mostly function daily period well something introduced u ran recently scare ask well shut everything guise health emergency people control population banking health policing even worship even recognize thought process remember tom cruise movie minority report china already pushed forward credit system recognizes drop hat dna manipulation introduced human body next level digital id id recognize anytime want crispr yea good idea read bible,0.5541,positive
thank much super helpful,0.8481,positive
invest company working,0.0,neutral
great amazing faculty diseminate science congratulation,0.9153,positive
road hell paved good intention,-0.4019,negative
crispr bitch say b really actually admire individual call b especially female completely chill cool ego desire better one another hurt term endearment becomes sound mouth already meant intellect claim persistent persute human expression within language suppress dynamic form two vertical spired line dna seven dimension seven,0.8384,positive
never write commentary yt time need thank never understood de crispcas system till im happy know kind ridiculous feel great understand something couldnt really read paper actually understand thank thank thank,0.9565,positive
right level video molecular biology either target primary school level phd level dont see molecular biology video explaining staff high school bsc level,0.0,neutral
kinda like epigentic spacer,0.2975,positive
still answer comment,0.0,neutral
totally helpful,0.4754,positive
tracrrna function hold stuff place,0.0,neutral
went crispr system today student model biorad paper model im going make edpuzzle using video formative actually crispr experiment class lacz gene knockout thank depth video crispr,0.3612,positive
paying university,0.0,neutral
medical student nicely done mr anderson,0.4404,positive
still dont understand,0.0,neutral
loved explanation thank,0.7506,positive
awesome video thanks making,0.7906,positive
good,0.4404,positive
part change understand,0.0,neutral
could understand thank,0.3612,positive
tried explaining podcast go crispr technology explained perfectly thank,0.7717,positive
nice many thanks,0.6908,positive
cool video thanks,0.6369,positive
someone explain detail dna added,0.0,neutral
u manage insert new fragment cutting particular dna ligase associated ca complex,-0.128,negative
humane human,0.0,neutral
speaker talk little fast,0.0,neutral
well explained trouble understanding topic lecture thx,0.2263,positive
nice,0.4215,positive
recap end thanks much helpful,0.6908,positive
word best,0.6369,positive
mindblowing simple demonstration crispr ca,0.1027,positive
helpful took long time understand whats spacer dna repeat reading watching video really summarized simple complicated really want know,0.5256,positive
perfect thank,0.7351,positive
mad scientist really opened pandors box one rewriting million year evolution good technology top secret individual interested fame furtune impact world china utilizing technology recently built concentration camp could biolaboratories human yet wise enough wield power going make many wrong turn,0.7269,positive
awsome video thanks effort much appreicated helpful,0.6908,positive
grow taller cure hair loss ready take risk,-0.2263,negative
wow soo crispr make sense make fuss cause really potential start used make modified human like super soliders woooah could devastating,0.7096,positive
whats tech used,0.0,neutral
crispr another failed miracle cure,0.128,positive
thank clarifying,0.3612,positive
thank steve kerr,0.3612,positive
great explanationexcellent lecture,0.6249,positive
use clostridium difficilewhich really suck come might eliminate fecal trans plant,-0.4927,negative
far know crispr virus cause fever killed lot people major risk factor immunotherapy risk hope really working counter good way remove genetic disease dna cell repair cancerous cell good tool help people survive machine exist program dna externally destroy cell far away using kind qauntum non destructive computer controlled radiation stream,-0.2198,negative
love video review mcat material,0.6369,positive
watched school activity rewatch understand since im slow totally helpful illustration explanation thank,0.6801,positive
great explanation finally understood crispr really im ready learn,0.7832,positive
simple clear explanation thank much,0.6249,positive
crrna like sea otter chipping prey two stone hold tiny hand whilst floating back sea,0.6908,positive
verry helpful welcome addition show seen pb,0.7003,positive
amazing explanation completely understand,0.5859,positive
awesome job im taking genetics right really helped understanding material,0.6249,positive
great video understandable considered topic complex saw video thank sharing,0.8555,positive
nice thank,0.6486,positive
thats testing made virus release world dan made vaccine turned whole world lab rat vaccine way test technology free,0.5106,positive
cant wait create x men,-0.2057,negative
literally best clear video topic,0.7783,positive
grow pet,0.0,neutral
could make fortuane tech somebody us make pet plant ohh shit there giant green labradour locked closet soil everything ohh shit must cat giant green dog bark worse bite,-0.8834,negative
hi sir please make video pam,0.3182,positive
wonder celebs ultra wealthy already using technology create designer baby,0.5574,positive
ive seen real thing done lab anyone minute training silica like spin cell add caustic element run pcr amplification silica show procedure done go amount nothing literally imaginary go ahead amazed explanation animation watch done lab tell believe nothing,0.6908,positive
dude look tired id teaching whole freaking world,-0.6908,negative
though crispr technology make illigal alien u citizen without bureaucratic red tape,0.0,neutral
response helpful well im using video prepare level biology lecture,0.5994,positive
human race destroy generation thought would physic know molecular biology seen face evil unfortunately fool writing comment control regulating monster see utterly clueless,-0.9432,negative
interesting,0.4019,positive
people sick asshole make sound great show downside,-0.0516,negative
amazingly simplified comprehensible,0.0,neutral
nailed wow thank know abc,0.743,positive
yes helpful,0.6705,positive
excellent video bravo,0.5719,positive
biology lab rn think dna look like noodle,0.3612,positive
absolutely amazing explanation,0.624,positive
monster,0.0,neutral
wow right video simple perfectly explained,0.8402,positive
reading reading question simply find answer editing developed organism vehicle spreading change throughout every lecture article tell happens single cell change spread need inject large amount grna ca way make small change spread cell like virus anyone know please answer im scifi writer im trying get bottom accurately represent hypothetical situation plot,0.5859,positive
wow sure need review normal dna understanding complex sound interesting,0.8316,positive
wow crazy video made year ago year going see lot crispr trial starting finally get see effective tech going,0.6705,positive
amalgamation,0.0,neutral
could crispr used create covid lab,0.2732,positive
esto e una verdadera emergencia sanitarium e una dictadura mundial esta e la tercera guerra mundial pero se ha declarado abiertamente los que estn despiertos tienen pocas posibilidades de sobrevivir quienes dominan este mundo quieren tratarnos como terminales de computadora quieren instalarnos un software dejar que un algoritmo decida por nosotros e el fin de la era humana eso creen quienes no dominan porque ellos quieren que seamos transhumanos sin derecho elegir lo que se hace con nuestros propios cuerpos la vacunas modifican el adn eso est fuera de discusin un cuerpo humano normal puede producir la protena espiga el arn mensajero e lo que le ensea nuestro cuerpo producir esta protena sinttica el adn natural modificado se puede patentar porque e un producto de la naturaleza pero si aceptaste esta vacuna entonces tu adn ya est modificado ya est patentado eres transhumano los transhumanos perdern todos sus derechos porque ya sern considerados humanos los derechos humanos los protegern ante de que te enfades con quien te dice la verdad investiga si ya est despierto entonces te felicito de cualquier manera dios los bendiga todos de todos modos le deseo lo mejor,-0.2263,negative
helpful thank,0.6486,positive
god video good thank u sir,0.7579,positive
going study wish luck bois,0.6908,positive
think good video understand crispr ca system,0.4404,positive
crisper something inject body,0.0,neutral
eventually going build real human something bad ribow flaven,-0.5423,negative
crispr chimera yeah human animal dna splicing thats exactly theyre course public wont hear theyre late,0.296,positive
great video make sure gene interest get correct place ca protein cut blunt end,0.8074,positive
happen happening speak worldwide madman scientist decide use u obviously science good hand morally god person good hand psychopath using develop called medicine witness vacn thats full mrna dont know actually designed u stupid believe mad scientist often developing something done reviled slowly dr fauci evil friend wohan truth slowly emerging meantime million injected mrna vacns getting sicker dying,0.7783,positive
mortal put immortality corruptible put incorruptible come end death swallowed victory,-0.5994,negative
crisper satan,0.0,neutral
great video really helped get understanding crispr text book brought term werent defined excellent video happy,0.7005,positive
somebody explain system add host rna dna,0.0,neutral
thankyou please keep making video dont care video present certain topic way explain small amount time best,0.716,positive
covid vaccine,0.0,neutral
actually dr new hitler use undoubtedly wipe mass,0.0,neutral
main stream medium,0.0,neutral
year later,0.0,neutral
great job explaining nearly lost mind understanding,0.4215,positive
best video,0.6369,positive
still understand cut see cut,-0.4939,negative
really helpful thank mutch,0.707,positive
nice video saved hour reading many thanks effort,0.8176,positive
recitation unclear,-0.25,negative
marvelously well done,0.2732,positive
isnt possible presence crispr spacer sequence multiple time genome sequence short compared genome size specie crispr cut dna multiple location,-0.2732,negative
incredibly helpful thank,0.707,positive
helpful video thank,0.6486,positive
ill test dummy,-0.4215,negative
ive finished reading jennifer doudnas book good passed gp excellent follow well done,0.8271,positive
thank ive done alot research couldnt fully understand till big thanks,0.6597,positive
video great thank,0.765,positive
yeah intermediate bio final coming already tested sufficient say seven minute took explain realized many hour wasted life ill never get back trying understand thank simple elegant description crispr ca,0.2023,positive
oh love thank much text book making eye glaze like say video found short super intense,0.9246,positive
amazing science help many people seems like getting hand evil greedy people want dehumanize control mind thought behavior want part prefer stay way god made,0.6597,positive
wonderfull explanation thank,0.3612,positive
question technology used gain function research,0.5267,positive
really helped thanks,0.4902,positive
sometimes wonder pay much money university degree thank video,0.2732,positive
simply amazing,0.5859,positive
heard understand gnome chromo dna good medical certainly used incorrectly,0.6486,positive
perfect looking human future,0.5719,positive
beautifully explained video thank u much informative video,0.7351,positive
religious agenda got whole psychotic break rna great video man,0.6249,positive
thank much easily understood mechanism crisprcas watching video,0.5994,positive
function repeated segment,0.0,neutral
stuff said complex simple,0.0,neutral
look graphene structure point line many six one say proton neutron electron mark beast also cause pain revelation noisome grievous sore revelation something medicinal cause chip implant human body percent carbon therefore number man also revelation,-0.8176,negative
man love,0.6369,positive
crispr technology graphene oxide hydra vulgaris working handinhand every one vaccine covid,0.0,neutral
tree knowledge good evil man playing god best left alone,0.5574,positive
really appreciate thisjc,0.4576,positive
one thing dont understand injects crispr modify gene attempt create enhanced muscle growth however website plug called odin doesnt sell talk therapy website odin someone please elaborate,0.7184,positive
brilliant video thank definitely using video aback link need seen people,0.8402,positive
thank much indeed helpful,0.6486,positive
humanity end,0.0,neutral
great job,0.6249,positive
fantastic video sir thank,0.7269,positive
saved life thankyou,0.4215,positive
usually comment amazing work,0.5859,positive
application crohn disease tks,0.0,neutral
absolutely awesome well explained thanks french biotechnology master degree student,0.8648,positive
look like bug found jab vile week,-0.3818,negative
great feedback please speak little slower put speed went touch fast maybe overall explanation helpful thank sharing,0.926,positive
covid vaccine crispr research,0.0,neutral
crispr method help fighting virus like covid malaria,0.4019,positive
thank really helpful engaging,0.8059,positive
yeah sure helpful,0.743,positive
explain mrna vaccine,0.0,neutral
observed crispr knockout protein x either promotes represses rna polymerase ii transcription depending gene experiment would carry reveal mechanism differential activity,0.0258,neutral
yea god stop,-0.0258,neutral
found useful thank,0.6597,positive
sick minded peopletheyre sickening u covid jab treat elite later dna interferencei thought banning cloning wed never live nightmare,-0.6124,negative
nice instructional video would able follow background developing pcr equipment maybe edit include something dna structure know phosphate sugar base pair made agct course u rna given wild sometimes seemingly insane garbage flooding web arising kneejerk reaction inept clumsy messaging national medical establishment people really need thing explained one,0.0258,neutral
yes helpful simplest explanation crispr,0.6705,positive
excactly looking thank,0.3612,positive
short zombie apocalypse going sci fi anymore,0.0,neutral
nice way mutating human zombie,0.4215,positive
building block add library intelligent dna make use neat,0.4767,positive
playing god hello covid sars,0.4404,positive
helpful best explanation,0.7906,positive
rondomly ideal pepole die year dna cell repair limity pepole life make human cell cut turn like hydra infinity repair cell crisprcas pepole life forever,-0.0258,neutral
yes created created everything using patient blood downfall never tested human order dont knowledge long term effect going experiment study symptom human year go bout problem caused animal became ill havent euthanized mention baby china,0.0516,positive
deadly human something go wrong,-0.4767,negative
best crispr video thank much,0.7717,positive
wow dangerous helpful ppl need dont let military lol,0.2887,positive
crispr satan technology harm humanity,-0.5423,negative
holy shit,-0.5574,negative
giving goofy name like crisper make difficult take seriously,0.1779,positive
simple nicely explained easy understand,0.7003,positive
covid left chat,0.0,neutral
helpfull indeed thank much great job,0.765,positive
crud operation dna,0.0,neutral
im science teacher watch video time theyre great combo info visuals thanks,0.7906,positive
fantastic thank,0.7269,positive
saddens born year ago grand time people hundred year,0.0258,neutral
feel like youtube perfect example education system failing couldnt retain shit bc always stressed literally every science youtube video stuck like glue know chemistry biology youtube ever learned ap class whats say maybe stress inhibits certain type learning im never stressed im youtube lmaoo even college course youre nearly stressed highschool crazy,-0.5962,negative
still complicated,0.0,neutral
watched video around six time helped much seminar paper,0.0,neutral
fluent enjoyable visualsin word great tv computer stuff without previous hardearned background genetics chemistry etc one understands crispr shallow nonretainable way good effort explaining terrifying technology effort undercut medium,0.7351,positive
excellent exposition,0.5719,positive
gratitude dr osaoji youtube helped eliminate herpes virus within day using medication,0.5106,positive
great explanation thank much,0.765,positive
application use mean needed know newbie youtuber someone pls help,0.4588,positive
great teacher,0.6249,positive
subhanallah,0.0,neutral
actually put cell though,0.0,neutral
im learning right college biology class god cant professor understand better,-0.0788,negative
idk man always think much like photoediting tool,0.2732,positive
finally,0.0,neutral
wow thats amazing,0.8225,positive
ive struggling understand month thank simplifying,-0.0772,negative
exelente,0.0,neutral
man fucking legend,0.0,neutral
legit one best video crispr,0.6369,positive
wonderful,0.5719,positive
excellent video,0.5719,positive
teacher pwease,0.0,neutral
good video thank,0.6597,positive
really helpfull thank u,0.4173,positive
amazing thanx making simple,0.5859,positive
hell even nothing good course,-0.7909,negative
im currently working graduate research infectious disease institute specifically focusing knockout technique mycobacteria abscessus best explanation crispr ever seen,0.6369,positive
wow easy understand thank much,0.8481,positive
possible build nanotecnology medicine kill cancer infection,-0.8779,negative
greatest video youtube,0.6369,positive
explanation well thought,0.2732,positive
way speak see fully understand subject matter respectful,0.5209,positive
youre great man,0.6249,positive
thats crystal clear,0.3818,positive
hey paulyou knocked ball park hot topic love break term everyone understand,0.6369,positive
imagine invested company year ago,0.0,neutral
covid vax,0.0,neutral
plls explain happen viral dna ca cut break try repair like human dna,0.1027,positive
best video explaining crisprcas ever seen thank much,0.7717,positive
ufff amazing thank first time understand,0.743,positive
good explanation thank,0.6597,positive
know covid vaccine,0.0,neutral
awesome spent week trying sort looked first thank,0.765,positive
dont quit fucking god work let nature healer like intendedyou never good replace god fail miserably,-0.8614,negative
jump jump follow everywhere,0.0,neutral
missed pam,-0.296,negative
hibi ey anlamadm,0.0,neutral
absolutley right video topic either complex simple explained perfectly also found one also nicely explained,0.7964,positive
one best crispr video,0.6369,positive
amazing thanks lot informative video,0.7717,positive
switched dna rna im confused,-0.3182,negative
great explanation concise informative thanks lot,0.7906,positive
video could helpfull awesome thank understood everything thanks,0.8591,positive
amazing job,0.5859,positive
genetic hybrid specie present complex thesis biochem mystery trace outer space earthly race aint nothinbaby alien chimp,0.0,neutral
im studying med school entry exam book doesnt explain crispr well since revolutionary technology im almost certain exam thank,0.3025,positive
much coool got nicely,0.4404,positive
hard time believing virus real germ theory land moon solid moon kill germsviruses even real education system proven self dam stupid academia joke sound like idiot even arrogant,-0.8934,negative
yes helpful scary,0.3182,positive
hope technique help dmd child soon thanks,0.8176,positive
great video never fully understood crispr vid thanks making,0.7906,positive
perfect intermediatelevel explanation thanks much studying cancer pharmacology final exam special topic lecture crispr ca cancer therapy,-0.128,negative
loved video,0.5994,positive
wow super helpful thanks milion,0.9246,positive
cure hiv,0.0,neutral
good video helped lot crispr unit chem,0.4404,positive
bet technology really used covid vaccine,0.0,neutral
simple brah please explain pam sequence work critical part,0.0,neutral
treatment autism,0.0,neutral
sir adore thank much,0.7269,positive
puzzled trying understand crspr getting weed accomplished breaking something brilliant ordinary mortal begin understand take another special type brilliance thank recognizing need made day,0.9337,positive
great explanation thank,0.765,positive
thank king,0.3612,positive
well short repeat segment call genetic genaology snp curious,0.5267,positive
ccp flu vaccine,-0.3818,negative
youre best,0.6369,positive
amazing video perfectly simply explained,0.8402,positive
like video really beneficial everyone thanks,0.8341,positive
explained ca know cut dna,-0.2732,negative
bacteria genetics contained nucleus memory,0.0,neutral
regarding m mark ca seems cell detect invader ie previous dna history still neutralize need save dna vaccinationcard record get ca scissors must combined chimera guide grna grna composed crispr crrna spacer segment match tracrrna hold crrna place move rna complex desired spot bacteria version chimera tracrrna singlegene disorder ex huntington assuming draw whitebloodcells inject plasmid cccas incubate grow enough modified cell hood cascrispr complex delivered avoid human immune system injected specific tissue bone marrow eggsperm example often mentioned offtarget danger gene therapy cancer modified virus insert part chromosome rather gene interest crispr concern percentage cell tissue would need altered order prevent disease also isnt silencing gene expression preferable similarly cut insert genetic material know segment get expressed making gene edit still requires another mechanism top express compare epigenetics rnairisc complex finally bio eats world podcast dr jennifer doudna describes precas utility crispr protein target rna cutting wasnt exciting m see also life scientific podcast mark,-0.7317,negative
honestly thank much science olympiad regional two day threw topic last minute background field watching video word didnt know basically looking every word video gave basic understand rest complicated video thank,0.7906,positive
really excellent video,0.6115,positive
video best choice,0.6369,positive
thats im talking thats he mvp thats he goat goaaaaaaat,0.0,neutral
host rna host dna think dna right rna wouldnt make sense,0.0,neutral
helpful thank kindly,0.8176,positive
wish spoke slower speak reading give describing analogy,0.4019,positive
im little confused original palindrome detected created,0.2534,positive
jhjh,0.0,neutral
fantastic liked subscribed,0.7506,positive
best video watched explaining crisprcas system,0.6369,positive
amazing wonderful fascinating thanks man,0.9313,positive
bad illegal,-0.7964,negative
id like ask possible identify edited crisprplants progeny thanks,0.6597,positive
thanks useful lesson,0.7003,positive
actually unintentioanly clapped end bravo great video,0.6249,positive
system evolved naturally millennium,0.0,neutral
say someone think new covid vaccine crispr device dont even know begin correct impossibility thought id ask help thank,0.6369,positive
absolute beast,0.0,neutral
watch like time took note third time sink god help beginning,0.743,positive
edit gene grown human embryo,0.0,neutral
unclear hairpin structure guiderna related chimera including thr hostdna fit together cleaveguiding crna piece make entire complex generally better video ive seen though,0.5267,positive
shut fuck,-0.5423,negative
wasssuppp,0.0,neutral
still dont understand one thing someone help cut dna want cut cut twenty base pair one cut dna,-0.5267,negative
hijack,0.0,neutral
really like unusual way pronounces word repeatas reeeepeat ar great video dude,0.7841,positive
even think giving thumb guess backwards flat earther science denier wtf,-0.5994,negative
gene fed sytemis like feeding blood tube machine containing solution ca cell please advise,0.7269,positive
law unintended consequence result frankenstein superman ethical concern see man alexander pope watch blade runner,0.5106,positive
thank great explanation,0.765,positive
man took long time understood nothing,0.0,neutral
kfc asked cut chicken wanted something crispr srr joke xd,0.5994,positive
crispr stock edit ntla crsp beam,0.0,neutral
thank much clear explanation ive able find,0.6249,positive
worry take sour ecoli home made curd,-0.4404,negative
video gene drive could engineer virus crispr gene drive make biological weapon asking friend,0.25,positive
good effort still hellishly complicated,0.4404,positive
rev c thy merchant great men earth decieved nation sorcery pharmakeus drug medicine,0.6249,positive
thank video sequencing doesnt require cut dna,0.5129,positive
explain need vaccine anymore encode stuff based crispr fight virus,-0.3818,negative
zhang feng best,0.6369,positive
crispr immune system wow,0.7184,positive
thanks explaining marvellous crispr ca invention simple way somewhat beyond human imaginative work,0.4404,positive
every time hear crispr thing come mind x men,0.0,neutral
use crispr schistosoma japonicumit trouble,-0.4019,negative
helpful really thank much,0.6801,positive
reality brave new world manifestation wow,0.802,positive
yes use,0.4019,positive
really great explanation,0.659,positive
helpful thank sir,0.6486,positive
absolutely excellent video,0.6115,positive
sound like could used evil sayin,-0.4404,negative
understanding make feel smart,0.4019,positive
never proof virus exist,0.0,neutral
crispr doomsday hole planet human god know,-0.4019,negative
politishens allways lie qtip convid swab nano robot every person thats promotes convid test ect humanity enemy,-0.2732,negative
thank goodness bought crsp two year ago get morning four executive selling stock company theyre coming nobel peace prize super high return month guy may want cash money build bigger house however think perceived give u chance buy back go little bit lower based news anyone know finance legion please give clue,0.9576,positive
cyristal clear explanation,0.3818,positive
prof terrible one rn lol,-0.0772,negative
great breakdown im college microbiology specifically crispr video like help learn make excited learn,0.8934,positive
nice explanation thank,0.6486,positive
big like incredibly clear incredibly helpful explanation thank,0.8889,positive
thank much asked read article upcoming paper write could make sense thank making,0.6124,positive
far best explanation crispr ca love video,0.8555,positive
great effort sir transparency work outstanding,0.8442,positive
probiotic bacteria yeast naturally,0.0,neutral
seriously best explanation,0.5423,positive
absolutely helpful thanks lot,0.7408,positive
best clip ever seen crispr thanks lot,0.7964,positive
god bless paul,0.5994,positive
amazing video great job,0.836,positive
believe crispr human playing god,0.4404,positive
bacteria grammatically incorrect,0.0,neutral
explanation amazing omg,0.5859,positive
helpful short min video thank,0.6486,positive
day noah,0.0,neutral
thank much absolutely nothing else made sense,0.3612,positive
beautifully explained,0.5719,positive
love god please dont explanation cant explain thing easy understand manner,0.7347,positive
first crispr video ive watched actually made sense thank,0.3612,positive
extremely helpful thank much,0.707,positive
thanks making simple,0.4404,positive
beautiful explanation,0.5994,positive
people say would terrible made girl pretty think would great,0.6369,positive
excellent job explaining many thanks,0.765,positive
awesomethank u much,0.0,neutral
one piece dna change billion dna body,0.0,neutral
video really amazing best crispr video saw far wanted ask one thing crisprcas system superior geneediting technology like recombinant dna technology,0.939,positive
entire human genome made crispr spacerrepeatspacerrepeatetc crispr specific section genome,0.0,neutral
perfect technique get developed futurw everything ne mor different future,0.5719,positive
nobelprize haha called,0.4588,positive
watched video biology class sophomore year high school watching biology class sophomore year college,0.0,neutral
excellent video say exactly may little strong exactly really good video,0.872,positive
forgot tell many base grna hybridize genomic dna far know base anybody ever tried blastn base sequence human mouse genome produce multiple perfect match,0.5719,positive
hey paul thanks teaching stuff gen chem,0.4404,positive
october,0.0,neutral
nostradamus soul,0.0,neutral
wasnt smartest bio student learned something today,-0.4973,negative
great work anyone understand woww,0.6249,positive
who nobel prize,0.5106,positive
best video crispr,0.6369,positive
un grand merci pour ce explication bien illustres,0.4588,positive
really understood crispr great job thanks uploading,0.8055,positive
hashtag noble prize prediction win noble prize future,0.9468,positive
came comment ever since timestamp ive waiting announcement good prediction,0.4404,positive
announcement nobel prize chemistry,0.5106,positive
thank much video equipment need perform crispr system modification bacteria,0.3612,positive
understand need watched saved,0.4215,positive
clear explanation thumb,0.3818,positive
thank crisp delivery information,0.3612,positive
wow clear explanation thank much nobel prize,0.9042,positive
who nobel prize chemistry,0.5106,positive
awesome two question bacteria resistant new virus ability add new virus dna watch list matter happens first cell death v immunity able change living cell dna within organism scale one set cell maintain old dna edited cell mixed time cell reproduce compete one another,0.3818,positive
going well got lost chimera,-0.0516,negative
done terrific job,0.4767,positive
video looking thank,0.3612,positive
watched year watching multiple video specifically crispr truly perfect balance complex simplified thank work,0.8442,positive
thank god found fighting h crispr term could understand needed everything make sense thank,0.5574,positive
man,0.0,neutral
virus thing crispr,0.0,neutral
great explanation briefclear useful thank much,0.8591,positive
helpfulthank much might pas test thanks,0.4404,positive
happens attacking virus dna match stored matching dna create another protein next stored dna,-0.2263,negative
stunned able explain min professor took like ine hour thanks lot,0.6124,positive
thanks informative video god bless life short death real needgodcom,0.4404,positive
disassembly day coming soon less question doubt thank great video keep smiling lol politely safely dont follow,0.9204,positive
suffering parkinson since life become disastrous body covered tremorsafter taking product www multivitamincare org supervision dr casey started getting result within week dosage one day got extremely sick could keep anything difficulty standing restless sleepstarted taking remedy twice daily writing inform others nothing really working help pd producti went previous medication doctor knowledge started parkinson disease herbal formulatreatment went well tremor gone,-0.9377,negative
crisper protein recommend cure osteoarthritis,0.3612,positive
cm n nhiu,0.0,neutral
useful,0.4404,positive
repent day lord hand one sin antediluvian world committed prior deluge,0.1779,positive
pretty much everything needed would loved hear speak pam targeting mechanism great,0.9042,positive
make money disease cure doubt used good sorry,0.0258,neutral
oh god gracious best video crispr thank love india,0.9485,positive
let write c code,0.0,neutral
oh know named tracer crispr created covid,0.25,positive
crispr cut ancestry,-0.2732,negative
explained well thanks,0.6124,positive
thank much clarifying,0.3612,positive
cant use identify neutralize dna disease example know genome disease invaded cell person program ca go look identify offending dna rna neutralize cutting placing nulling piece dna rna current c condition solution like seems like great weaponit seek offending viral dnarna render inert,0.5106,positive
thank informative usefull,0.3612,positive
video really helpful learned lot thing video thank,0.6801,positive
thank much write academic research easily,0.5994,positive
awesome,0.6249,positive
know krispr yes believe every potato chip could krispr,0.4019,positive
dont know anyone interested frankenstein technologymy experience science nutritionorganic food etc look gmofrankenfoods hasnt adequately fed world kept people healthy refer people believing frankenfools,0.1134,positive
good crispr video man really say screw gon na make,0.3008,positive
twin kid gpd syndromeis work fixed genetics disorder,-0.4019,negative
god bless,0.5994,positive
im bio major uc berkeley ive taken biology class far tried explain crispr one class taught professor doudna never fully understood mechanism watched video thank,0.3612,positive
ca reminds casper,0.0,neutral
brilliantttttttttttttttn,0.0,neutral
helpful thank u thank u,0.7783,positive
thank helped,0.3612,positive
grateful channel never explain something understand,0.4588,positive
designer babiesour twisted demented future like cloning crispr banned got ta say sooooo glad chose never child absolute hell created beautiful earth break heart,0.9014,positive
best description crispr seen,0.6369,positive
science people die,-0.5994,negative
people screwing world,-0.2263,negative
diagram love thank much,0.7717,positive
amazing understand arrowhead pharmaceutical trying,0.5859,positive
put sequence dna guided rna,0.0,neutral
nice jaw bone,0.4215,positive
genetics professor point video great explanation crispr boy right strike great balance simple advanced,0.8658,positive
simple understand complexity thank,0.3612,positive
use fight coronavirus inserting copy messenger mrna similar vascular monocyte similar virus package lysosome monocyte messenger mrna installing two stopped codon end messenger mrna virus enters cell rna virus match messenger rna waiting mrna binding messenger mrna considered safe protein rna molecule duplicated chaperone nuclear tide tied together forming new inactivate dna strand able used within cell,-0.1531,negative
think probabily omit feng zheng chinese biochest also dicovered,0.0,neutral
street vendor highlander say lt moran baffled mean thats great video science still absolutely mental,0.6249,positive
close perfect thanks,0.765,positive
possible build human organ,0.0,neutral
thank terrific video depth video much weed great video really helped understanding read scientific paper,0.8658,positive
awesome video definitely helped understand concept,0.7783,positive
wow thx much,0.743,positive
away molecular biology several decade retirement adjuncting local college quite helpful understanding major advance mechanism treatment genetic based disease many thanks,0.7178,positive
crisprcas action programability discovered prof siksnys doudna charpentier church charpentier improved making chimera church applied human cell,0.4767,positive
thanks video helpful,0.6908,positive
excellent excellent excellent wish professor could mentor robert sarhan md,0.93,positive
intelligent youtube comment section ive ever seen,0.4588,positive
nobelprize,0.0,neutral
wonderful explanation sirclear precisei also started new channel biochemistry molecular biology would like support feedback channel u livebiochemistry,0.836,positive
second scenario crispr didnt spacer rna required ca protein broke viral dna made copy future infection ca protein able use space rna st case scenario required space,-0.4215,negative
nice informational video thanks,0.6908,positive
thank much participated several talk first time understand eventually thanks,0.6597,positive
use fight corona virus,-0.3818,negative
wow big respect explained easy understand compared video topic,0.8689,positive
dont get crispr fixed existing cell dna said done fix new cell contain original dna problem one continue get crispr injection handle new cell generation original dna problem problem get fixed going forward,-0.5423,negative
life saver test le hour,0.0,neutral
time said future could engineer new embryo u government doctor engineering embryo since kept classified,0.0,neutral
excellent thank world changing stuff,0.7351,positive
smart,0.4019,positive
best explanation crisprcas internet like said others either simple complex researching write essay month thankyou,0.7717,positive
first identified en ecoli arqueas archaea living salt flat santa pola alicante spain great discovery francis mojica,0.6249,positive
ok good basic elaborate didnt discus anything vivo targeted delivery system pam sequence cleavage ie ngg spcas tttn cpf etc etc,0.6249,positive
thank thank thank,0.7579,positive
crispr used increased girth,0.2732,positive
great,0.6249,positive
bacteria need crispr cut dna phage first place,-0.2732,negative
newest coment,0.0,neutral
nicethank,0.0,neutral
incredibly helpful,0.4754,positive
really appreciated clear concise explanation thank,0.839,positive
ive always wanted shoehorn hand,0.4939,positive
wish could thank man personally helped minute presentation essay go along thank,0.7717,positive
thx lot paul amazing teacher,0.743,positive
nicely explained love india,0.7964,positive
hey thank much video honestly helpful,0.8074,positive
edit brought lol,0.4215,positive
awesome description,0.6249,positive
think discovered earlier since discovered ecoli fight phage also system present body,-0.3818,negative
hello u didnt talk pam region fined transform insert dna cell,0.0,neutral
best explanation video wordy complex thank breaking,0.7717,positive
love u save homework dude thanks million,0.8834,positive
reibanme zerobanme nurubanme,0.0,neutral
cool explanation getting lost middle video ca gene ca protein watch video come back,0.0,neutral
dna inserted called recombinant dna,0.0,neutral
id love study indepth believe truly meaningful opposite studying law marketing accounting etc anyone give piece advice start college currently sophomore business administration,0.8555,positive
crispr bacterial immune system affective using bacteriophage therapy shown effectively treat kill bacteria,0.2732,positive
never odd even,0.2411,positive
really good explanation,0.4927,positive
thank explained something prof took hour minute simpler straightforward streamlined way,0.3612,positive
could procedure help people urticaria vasculitis,0.4019,positive
helpful thank u,0.6486,positive
long story body,0.0,neutral
gracias men,0.0,neutral
beginning end,0.0,neutral
mean new bacteria try hijack immune system becomes stronger,0.5859,positive
best video crispr saw,0.6369,positive
helpful interesting thank much,0.7906,positive
easy way communicate difficult topic great,0.6705,positive
evil inside,-0.6597,negative
dude thank video seriously vague,0.1027,positive
ive interested research couldnt quite get intuitive feel quite yetyou explained great keep coming learning lot video never left comment,0.7943,positive
quite helpful thank sharing,0.8375,positive
ur supreme man,0.5574,positive
greate thank,0.3612,positive
saved exam thank greeting ecuador,0.7845,positive
urgent answer required host dna person dna parent mean dna kid born b host dna c inserted yes might implication c biological father,0.5423,positive
still searched many video understand well guru mechanism finally got bozeman word mine enough compliment thank u work spread science,0.7717,positive
helpful thank thank thank,0.8519,positive
hey paul gave fantastic explanation,0.5574,positive
detects invader dna,0.0,neutral
video amazing thank,0.743,positive
todo muy lindo si pero donde esta el articulo de donde sacaste esa informacion,0.0,neutral
god coming back good luck explaining trying,0.7906,positive
year old student taiwan watched video crispr video best understand simple thank,0.7717,positive
best video crispr thankyou much,0.6369,positive
te amo nunca nadie lo explic tan perfecto,0.3182,positive
follow question third part supply new dna system work think challenging part finding segment cutting since know little dna puzzle think new dna make way get inserted exact place,0.0258,neutral
name jeremiah ny cured hiv virus used natural herbal medicine time injection drug waste time waste money cured month ago suffered hiv virus year help doctor mohammed herbal medicine cured within week taking herbal medicine sent dhl courier delivery service doctor confirmation hiv result absolutely negative taking herbal medicine doctor also cured aunty herpes virus soon heard herpes quickly refer doctor mohammed cured taking herbal medicine referred person doctor cured various illness taken herb spent much money drugsinjectionssurgeries etc yet good result show contact doctor mohammed herbal doctor majorly virus disease assured complete cure take herbal medicine doctor mohammed herbal medicine cure hiv herpes diabetic asthma hepatitis hbp std cancer chronic hpv etc contact herbalcuregmailcom whatsappcall,-0.8759,negative
amazing please never stop owe entire science degree,0.7899,positive
brilliant beautifully made video,0.8176,positive
im pretty stupid could understand lol,0.3818,positive
man youre awesome,0.6249,positive
awesome explanation here gene editing experiment look like lab,0.765,positive
youre bos,0.0,neutral
beautiful video crispr ever watchedthank much sir great respect india,0.9022,positive
omg wonderful video thanks,0.765,positive
awesome thanks making video,0.7906,positive
space dna one contains crispr ca,0.0,neutral
soi otaku bano,0.0,neutral
bless man,0.4215,positive
name end dna,0.0,neutral
video amazing im really grateful ive learnt lot best wish,0.9324,positive
thanks dude,0.4404,positive
thank paul super helpful,0.8481,positive
wow really interesting,0.7778,positive
question prevents ca protein bacteria breaking apart dna spacer genome bacteria essentially destroying bacteria immune system,-0.2732,negative
difficult complicated issue dont understand,-0.3612,negative
surprised technology wondering could help cure viral disease,0.5574,positive
super helpful clear,0.8519,positive
thank saved assignment forgot add deletion insertion part dna cut thanks,0.7269,positive
vid planned well without cut footage amazing job explaining jeez one wonderful human,0.5487,positive
thank u searched year simple explanation,0.3612,positive
thank helpful video,0.6486,positive
yes,0.4019,positive
watching video since gcse biology im studying final university exam biomedical science youre still helping probably still watching phd thanks much,0.6249,positive
dad left lol,0.4215,positive
nice work great helpful,0.8658,positive
great teaching,0.6249,positive
ehh meh,-0.0772,negative
many class ca protein bacteria known bacteria like vibrio specie associated ca main point,0.3612,positive
perfect video scanning web ap bio test biotechnology test helped lot thanks,0.765,positive
man extraordinarily easy follow hat sir video saved butt countless time thank,0.802,positive
great video helped understand crispr much better,0.7906,positive
pam sequence,0.0,neutral
unnatural disgusting people sicken,-0.743,negative
helpful thank much,0.6486,positive
question video ca protein interact green crispr gene transcribed crrna kill green gene inserted bacteriophage ca protein need interact green crispr gene eliminate foreign green gene chance ca protein recognize without help green crispr gene know please give explanation part,-0.5659,negative
simply explained easy understandthank u much,0.4404,positive
thank breaking,0.3612,positive
amazing video thanks,0.7717,positive
appreciate thank,0.6369,positive
quiet helpful,0.4215,positive
liked video good explanation cutting dna nothing insertion done though,0.6369,positive
didnt much puzzle didnt really care lol focus ishino et al paper fact sequenced e coli genome palindrome mentioned highlighted paper spacers like sentence two dedicated paper get anyone nobel bolotins made connection crispr immune system protect bacteria phage anyones guess,0.639,positive
im still little confused ca cut dna cutting strand half cutting part strand,-0.5918,negative
ascolta anchelectures jankui rischia il patibolo per il crispr,0.0,neutral
scientifically accurate yet simple explanation explosive technique well done,0.2732,positive
method insert certain dna host cell dna,0.2732,positive
hi paul video fantastic many thanks sharing knowledge world greeting chile,0.8979,positive
thank amazing video,0.743,positive
really helpful thank much,0.707,positive
helped lot thank,0.3612,positive
crrna come form spacerdnaso viral dna tracrrna come form palindromic repeat,0.0,neutral
wait cant create bacteria cut dna except zombie apocalypse,0.0,neutral
helped lot video thanks lot making great job,0.7906,positive
fuck offf stop chasing smart as,-0.4588,negative
nice lecture sir,0.4215,positive
wowtrue abominationi legend,0.0,neutral
one question loaded ca protein find cut crispr gene sequence loaded crrna,-0.2732,negative
cut palindromic sequence,-0.2732,negative
thank great video one explained better wondering technology used introduce opsin mammalian cell general limit size gene insert,0.8591,positive
relationship crisprcas system restriction enzyme would bacterium one one primitivederived,-0.2732,negative
helped lot trying understand concept crisp quite time video really helped thank much,0.4173,positive
near end video would nice explains cystic fibrosis gene fixed step step would summarizes video also put step step explanation visual story bad,-0.1779,negative
searching crisprcas video educate curiosity disappointed either simple complex video excellent balance two general population include hope people learn video know make scientific discovery educational yet understandable general public science get big boost people understand,0.7351,positive
incredible thank,0.3612,positive
best biology teacher except self studying qwq,0.6369,positive
future come,0.0,neutral
first thing find searching crisprcas,0.0,neutral
cant find great crispr video either complex easy well sorry dude arent really helping,-0.1776,negative
im already tracr,0.0,neutral
informative helpful video ive found yet,0.4215,positive
amazing thank helped lotttt,0.743,positive
awsm sir awsm explanation sir buut help editing new embryo,0.4019,positive
thanks video really explained well,0.6461,positive
thank youuuuuuuuu really helpful,0.6801,positive
video tremendously helpful thank work,0.707,positive
wan na tracrrna,0.0,neutral
thank amazing,0.743,positive
unintended effect result random insertion dna sequence plant genome may cause disruption silencing existing gene activation silent gene modification expression existing gene unintended effect may also result formation new changed pattern metabolite example expression enzyme high level may give rise secondary biochemical effect change regulation metabolic pathway andor altered level metabolite yup accurate fowling gun probably effective,-0.3182,negative
nice find purely technical video nothing else thanks,0.1012,positive
im already tracrrna,0.0,neutral
amazing thank dearly video best explanation system seen far,0.9231,positive
wonderfully done use video freshman class,0.5994,positive
another complex boring video,-0.3182,negative
video saved much time thanks,0.6908,positive
wowjust wow,0.5859,positive
great video thank much explaining crispr ca simply,0.765,positive
two year later still talking method classroom seems like hasnt advanced anywhere passed academia classroom,0.1926,positive
excelent video,0.0,neutral
used watch high school im listening grad school would thought great stuff,0.6249,positive
excellent explanation always thank,0.7351,positive
excelent explanation,0.0,neutral
wonderful world test crispr,0.5719,positive
thank much right length complexity wikipedia entry local news story trying explain crispr needed,0.3612,positive
helped soooo much thank youuuuu,0.3612,positive
exactly popular science thank,0.6486,positive
damn bro nailed shit keep hard work hustle greeting spain,-0.6249,negative
thanks nice video totally understandable,0.6908,positive
damn shit fucked yo casually existing found wack thing hiding e coli stop playing hard get show u bitch,-0.9501,negative
jennifer doudnas name actually dis u dna,0.0,neutral
awesome video fix dna someone cystic fibrosis though would actually get crispr ca system cell affected fix dna cell,0.5423,positive
whats significance tracrrna ca complex,0.2732,positive
cure cancer aid one hand eugenics hmmmmm,-0.296,negative
whats point including repeat crispr since nothing,0.0,neutral
loved thank much,0.7506,positive
please teach medical school beg,0.3182,positive
gon na pretend understood completely understood one thing something comprehensible layman,-0.1027,negative
something dont get modify dna person cell good trillion cell,0.4404,positive
work human gene knock gene cause genetic disease one use case,0.0,neutral
show bozeman video time student great job explaining thing way anyone understand going share biochem class malaria sickle cell anemia discussion since looking mosquito hopefully get rid malaria,0.8402,positive
brain smell like burning,0.3612,positive
simple clear,0.3818,positive
hey thanks im undergraduate student neuroscience lab im trying complete knockout project involving crispr semester super helpful need go,0.8625,positive
awsome thanks,0.4404,positive
would help hiv patient,0.4019,positive
somehow think could causing cancer ca detecting wrong dna dont know fix,-0.8176,negative
truth crispr,0.3182,positive
clear explanation thanks,0.6705,positive
best,0.6369,positive
never realised point bacteria earth,0.0,neutral
amazing thnx lot,0.5859,positive
searching crispy fried fish recipe pretty cool,0.6705,positive
well think wait understand full ramge,0.2732,positive
read article crispr,0.0,neutral
didnt get maybe im stupid,-0.5267,negative
great video found helpful check video watched particular one cheer,0.8807,positive
great explanation,0.6249,positive
first thing first enlarge peenus,0.0,neutral
anyone possess crispr system,0.0,neutral
clearly explained,0.4019,positive
really helpfull made really understandable,0.0,neutral
damn perfect,0.25,positive
also iga key factor beginning stage life way collect water break also filled bacteria stem cell havent even discovered yetthat resist kind infection fungus bad bacteria,-0.0258,neutral
inefficient fail start messing genome thing break micro level lead symptom macro level biologythey tried year ago failed way evolve enhance immune system eventually become virulent destroy virus fungus infection bacteria even parasitescolostrum thing nature thats people immune even aid immunoglobulin havent discovered yet,-0.891,negative
didnt quite get protein engineered insert proper gene cutting make sense clear ca system used insert new gene,0.2732,positive
amazingly simple,0.0,neutral
bro thanks much holy life saver,0.4404,positive
thank u,0.3612,positive
thank much struggling minute everything clear im subscribing channel,0.3182,positive
say dna want cut dna come bacterial gene created gene also want cut insert gene system part consider host dna im confused term host using still talking bacteria host mean human host whose gene inserted manipulation please let know thank,-0.0772,negative
great video heard abt crisprcas system didnt understand detail work made figure lot thanks,0.7906,positive
make mutant machine lol,0.4215,positive
best video think ive seen since knew thing thank paul anderson sir,0.7717,positive
hey project optogenetics needed add explanation crispr ca video best explanation found yet thanks alot,0.7964,positive
wow mind blownthank explaining perfectlyi need bad hope live see itits world,0.4939,positive
bless science video youtube make complicated topic simplified honestly grateful living era highlydeveloped technology serf helpful learning resource,0.891,positive
amazing thank,0.743,positive
bad lead evil thing come people playing god good idea,-0.4767,negative
woah woah woah way technical bro r u speaking chinese,0.0,neutral
helpful thanks,0.6908,positive
great thanks better nd year genetics prof could ever,0.872,positive
loved video best one far comprehensible technical,0.8442,positive
best explanation crispr system thanks lot,0.7964,positive
thank much helped lot,0.3612,positive
clear awesome video thanks much,0.8625,positive
informative inspiring video graphicsanimation help lot may ask software use make graphicsanimation thank,0.7906,positive
even year youre hero,0.5574,positive
nice vid helpful,0.6808,positive
video great informative,0.6249,positive
awesome explained technique min couldnt understand day thank u much channel subscribed,0.457,positive
excellent video thank subscribed,0.7351,positive
thats great clear help lot,0.8555,positive
great vid man,0.6249,positive
great video accomplished described beginning succinct informative video crispr ca system thanks video,0.872,positive
awesome loved way u explained,0.8402,positive
really helpful thank,0.707,positive
amazing description please make,0.7269,positive
ive heard use crispr change dna green eye instead brown,0.0,neutral
colour dna doublehelix image dont fit actual base code,-0.2755,negative
usual teaching excellent undergraduate graduate course molecular biology always give understanding formal course simply dont thank effort definitely help,0.4646,positive
video essentially condensed version doudnas ibiology videojust go watch one,0.0,neutral
hella good explanation really appreciate effort explaining crispr,0.734,positive
kya baat hae,0.0,neutral
thank making crispr clear understood,0.6249,positive
male pattern baldness cured way,0.0,neutral
great video simplifying away right amount detail revealed working mechanism crispr interested thanks good job,0.9118,positive
super helpful finally understood crispr thank youuuu,0.8481,positive
best video crispr ive seen far im presention january casposons ancestor acquired immunity mechanism called crisprcas finally understood meaning behind crisprcas action finally compare two thing big thanks happy new year,0.8957,positive
wow thank master exam two week helped understanding lot,0.743,positive
omg studying medicine biochemistry test afternoon helped much thanks,0.4404,positive
help protospaceradjacentmotif pam genomic dna,0.4019,positive
exactly needed thank much,0.3612,positive
im currently reading original paper published doudna im trouble understanding role rnase iii converting precrrna crrna video go detail,-0.1027,negative
love mr andersen thank,0.7717,positive
thank helpful video ive found within past week,0.6486,positive
wow youre amazingly clear helpful thanks lot,0.9175,positive
awesom,0.0,neutral
looking thank,0.3612,positive
wow highly impressed simple made system seem thank glad made video,0.9134,positive
one best explanation awesome,0.8519,positive
thank much much helpful building understanding crispr,0.6486,positive
best explanation crispr thats far,0.6369,positive
completely irrelevant anyone told look like armin van buuren lol,0.6486,positive
dont virus inject rna dna,0.0,neutral
love love teaching,0.8555,positive
excellent layman explanation,0.5719,positive
thank much saved,0.6486,positive
thank really searching subject watched lot video one best finally understand thank much jordan,0.8481,positive
first video could really help understand without many strange name crispr ca system,0.5551,positive
new spacer appears insert end line reality doesnt get inserted beginning st repeat sequence,0.0,neutral
thank paul,0.3612,positive
interesante,0.0,neutral
perfect explanation helpful thank sir,0.8402,positive
diagram wrong previously unidentified sequence inserted proximal leader sequence,-0.4767,negative
thanks nice explanation,0.6908,positive
hey pretty good maybe short explanation insertion new gene mechanism involves besides heard power system high effectivity specific insertion right,0.7269,positive
would use living person draw blood alter dna inject back bloodstream,0.0,neutral
heyyy used watch channel ap bio high school year ago senior year college youre still helping thanks good explanation four year,0.7906,positive
still hard understand,-0.1027,negative
fantastic helpful thank,0.836,positive
really cleared doubt bacteria recognizes advanced bacteroiphages every new infection spacer dna work wonder,-0.022,neutral
ca look like jabba,0.3612,positive
thank elegant explanation sir,0.6808,positive
exceptional,0.0,neutral
bozeman video always helpful thank,0.6486,positive
excellent video like claim perfect level complexity one thing mean host dna host rna,0.872,positive
thank video,0.3612,positive
well done love animation,0.743,positive
best explanation anywhere went visited lecturer twice asking explain couldnt hand best channel ever,0.7765,positive
fcking amazing,0.5859,positive
amazingly helpful,0.4754,positive
explained easy hey dont need translator korean,0.4404,positive
really awesome video thank much one many many video really explained well,0.8603,positive
im quest make penis glow dark think crispr system leading right track thanks,0.4404,positive
video faint hearted novice know nothing dnarna people fairly understand dnarna work wish could slowly little detailed frankly even though familiar crispr didnt enjoy fast paced video,0.0186,neutral
work fetus opposed older entity,0.0,neutral
happens crispr cut wrong dna go rogue,-0.6369,negative
crispr ca bring gene,0.0,neutral
technology used utilize crispr,0.0,neutral
also could help lengthen end chromosome stop cell breakdown essentially make u never age,0.128,positive
could explain bacteria select interspace dna overlap genome,0.0,neutral
forgot spanish microbiologist francisco mojica known father crisprcas also deserves nobel prize great video,0.8126,positive
would thumb excellent accurate breakdown something honestly vastly misrepresented pop medium reporting,0.7717,positive
explained well understood thx,0.5574,positive
dont understand needed tracrrna crna connected system,0.0,neutral
thank explanation great genomic beginner like,0.8442,positive
drawer fridge veggiesthank,0.0,neutral
man legit,0.0,neutral
hey man genomics degree plant breeding last decade felt like game pedigree selectionconventional breeding method curious crisper ip battle underway prob going another decade thanks help helping know worksi thought retrotransposons future wrong fucking insane,0.4417,positive
thanks helpful,0.6908,positive
thanks im independent study class wanted focus topic needed general understanding jump really helped,0.4404,positive
best video explained crispr keep mranderson,0.6369,positive
crisprcas system affect body globally inject lot bloodstream hope every cell targeted,0.4404,positive
hearing nowtheyve using year,0.0,neutral
amazing explanation mentioned simple complex either,0.5859,positive
demonic stuff think nerve human play god wow may god help u,0.9022,positive
great explanation would great could another video expanding grna difference crrna trna piece system explanation slightly handwavey crrna overall provide nice depth information good quality explanation,0.9313,positive
absolutely helpful understand,0.4754,positive
justawesome,0.0,neutral
love guy feel like he teacher ive never met feel like ive taken class year even though ive watched handful video feel like great teacher,0.9413,positive
living being casenzyms inserted organism along guide rna,0.0,neutral
great job well explained,0.7351,positive
helped lot understand topic much thank great video balanced complexity informativaty well,0.8271,positive
ive learned thx vedio,0.3612,positive
sir excellent explanation new endonuclease process miss something sec video got lost reason rna hair pin turn could get clarification really want understand educational writeup thanks,0.6478,positive
hey paul easy understand helpful remember thank making video,0.802,positive
thank much incredible explanation crispr ca working capstone considering topic well connectome,0.5574,positive
complicated good thing didnt study molecular bio,0.4404,positive
u seen kurzgesaget,0.0,neutral
else think bullshit made take youre money human trail claim thousand plant animal trail successful call bullshit,-0.5859,negative
clear video crispr live outside cell make parasitic viral host transfer living multicelled organism prevent grna mutate,0.4019,positive
thank much video helpful,0.6486,positive
thanks explain perfet level,0.4404,positive
thank much finally properly understand exam tomorrow,0.3612,positive
thankyou paul nottingham plant scientist,0.0,neutral
absolutely love saved huge fail final exam hour,0.7674,positive
video really helpful explicitly clearly introduce fundamental core stuff crisprcas,0.7233,positive
thanks clear great explanation,0.8625,positive
made easy understand thank much,0.6597,positive
great video congratulation,0.8402,positive
excellent,0.5719,positive
uve always managed make understand everything easily quickly somehow im grateful thanks,0.8074,positive
tremendously helpful thanks much,0.7408,positive
paul knocked ball outa park outa state great presentation thank,0.765,positive
amazing ive reading article work confusing wrap head around video much help,0.6808,positive
im yr im watching dont know wether think great discovery something terrible think could great genetic modifier practice could changed weapon similar fev forced evolutionary virus fallout watched video explaining science shoodycast either way incredibly fascinating could tell friend wouldnt understand unfortunately,0.8729,positive
havent able find video tell crispr tend complex simple go make complex video crispr,0.0,neutral
yes helpful helpful please replace teacher,0.8625,positive
im undergraduate student biochemistry taking graduate biotech class honestly helpful time efficient going book note thanks ive watching video since high school bio year ago,0.8885,positive
amazing description crispr liked history behind understanding based natural defense mechanism originating bacterial cell fighting virus loved,0.9001,positive
got conversation guy told check crispr im glad watched sounded little complicated good idea thanks,0.8187,positive
thanks video useful one question role pam sequence,0.7003,positive
thank much explanation however mention pam sequence,0.3612,positive
inserting dna cutting said third part system would host rna dna inserted mistake reverse transcriptase play mentioned,-0.128,negative
sir life saviour got presentation topic need understand thisthanks one like,0.3612,positive
little confused explanation sequence palindromic werent clear thats significant genome editing,-0.5835,negative
owe entire undergraduate degree bozeman science,0.0,neutral
got start splicen u wit weird as shit tryna make super soldier,-0.1027,negative
thanks lot soooooo clear helpful,0.8074,positive
hello interested helping translate video spanish native speaker work translation facebook traducciones stephanie becker guatemala let know,0.5994,positive
thank much finally understood crispr system,0.3612,positive
brilliant job,0.5859,positive
good work,0.4404,positive
suppose g g base pair together left right gg awesome video though,0.743,positive
college professor would like thank,0.6124,positive
helpful tutorial thank,0.6486,positive
amazing would love join team perfectly explained,0.9371,positive
accurate explanation good job,0.4404,positive
hi know use kind method level whole organism huge part cell associated genetic material fixed affectfix huge number cell thx advance,0.8689,positive
bet one best explanation heard crispr ca system,0.6369,positive
looked many video crispr made difference helped understand memorable way thank,0.3612,positive
wow one best explanation,0.8402,positive
want say thank hard work say wasnt would really struggling ap bio,0.6058,positive
dont care question change dna grow claw sheer heal accelerated speed,-0.3875,negative
perfect night final,0.5719,positive
perfect explained,0.5719,positive
studying synthetic biology video nice term complex easy thank,0.802,positive
found video helpful still dont know host rna come,0.4215,positive
wow amazing make sense even layman like thank give great hope future science rock,0.9618,positive
video helpful im college learning stuff right really broke information stuff actually understand thank,0.2975,positive
amazing video thank,0.743,positive
im trying advocate similar science question get asked whether scientist actually see cell dna rna etc manipulate part understand see cell microscope found info microscope allow u kind see dnai guess problem part laypeople dont really know believe understand scientist study much less manipulate something small image symbolic theory accept idea look like picture model provided like scientist going tweezer placing little strand rna material cell similarly weve seen fertilizing egg tell people procedure finding collecting strand dna rna see im struggling even know ask question,0.7506,positive
ive watched lot video topic far helpful thanks much explain really well high school student speech,0.796,positive
create new human really feel crispr going cause global conflict society ethic edited advanced society u normal people thought,0.2023,positive
great video paul,0.6249,positive
nice explanation,0.4215,positive
saved life,0.4215,positive
good video explains crisper simple term thanks,0.7003,positive
guy amazing,0.5859,positive
mean expecting creation real xenomorphs,0.2732,positive
annnnnnnnnnnd forgot,0.0,neutral
best explanation ive seen thank,0.7717,positive
really nicely explained simple term,0.4927,positive
video perfect hard time finding video explained concept understandable manner bogged jargon excessive detail thank much,0.7003,positive
thanks amazing,0.7717,positive
fantastic explanation,0.5574,positive
could replace kkk blm sjws,0.0,neutral
understood new type phage infects bacterium casprotein cut piece viral dna become spacer used guide another type casprotein cut viral dna next time bacterium infected virus question first type casprotein sufficient defect viral dna mean first casprotein cut piece viral dna make spacer time inactivates virus mechanism creating spacers guide type casproteins necessary type casproteins cut viral dna without needing guide,-0.8689,negative
understand host rna host dna want put dna first said rna dna im confused important thinking insert host dna genome want add clarify,0.0258,neutral
youve made crisprcas really clear thank,0.688,positive
terrific explanation,0.4767,positive
question say go ahead replace faulty dna good one cell one correct gene migrate cell faulty gene,-0.1779,negative
wow good explanation crispr thankl,0.7717,positive
woman rock going solve anti aging woohoo get work another year,0.4215,positive
helpful video sirgood explanation also,0.4215,positive
great thanks,0.7906,positive
wait video great,0.6249,positive
extremely helpful information really helped find way map sip thank much,0.6801,positive
realy cant understand grna bind ca mean ca grna synthesizedwhich two separate macromoleculeswhat bind two together properly,0.0,neutral
thank best explanation ive seen,0.7717,positive
great video perfect level detail,0.8316,positive
helpful video finally understood topic thank much,0.6486,positive
thank read struggled understand keep mind week gone illustration explanation wonderful job,0.5859,positive
could crispr used make fe following change someone already adult change color eye reverse hair loss trigger growth new set teeth fix arthritis improve oxygen intake body recovering sport improve hearing improve eyesight,0.8402,positive
dude talk way fast who audience seems testosterone phage issue smart good let backtrack listen,0.6808,positive
thank much video right information needed,0.3612,positive
perfect level depth accessible enough go basic prior knowledge high school bio able understand inner working gene editing method thanks,0.765,positive
really nice well explained thanks alot,0.8111,positive
awesome video best ever seen crispr system suggestion would show clearly insert dna provided system cell fused grna provided separately,0.9001,positive
tracrrna made u mean dont find somewhere cell right create,0.2732,positive
great vid helpful right level imho thanks,0.8689,positive
youre amazing thank,0.743,positive
isnt palindromic dna impossible guanine cant bind guanine,0.0,neutral
cause alzheimers spell correctly,0.0,neutral
thanks go detail molecular part,0.4404,positive
thank much explaining easy way,0.6597,positive
found really helpful presentation thank much,0.7056,positive
sound great always hear new technique experiment going question human take real practical effective advantage,0.8481,positive
thank really struggling understand crispr class extremely helpful well explained,0.5965,positive
wow really make molecular biology simple damn click subscribe botton fast could amazing video,0.7096,positive
fantastic wanted point mistake ca insert spacer host dna added upstream ie closer ca gene downstream due polar acquisition leading sequential hierarchy otherwise great video continue fallback resource exam prep,0.743,positive
helpful finally got clear view crispr really,0.6597,positive
amazing video thank much,0.743,positive
video really really great thank much making video love sooooooooooooo much,0.9172,positive
ur awesome,0.6249,positive
thank amazing video funny watching video help ever since first undergraduate bio class im senior year taking molecular biology professor came across topic class said here great video sum everything sure enough video go show helping student helping professor clarify material keep stupendous work thanks,0.9738,positive
great job describing crispr,0.6249,positive
program use make presentation,0.0,neutral
best watched video since start bachelor science degree,0.6369,positive
great video wondered one manage introduce single oligos human cell integrated instead degradated,0.6249,positive
thank much needed help understanding biochem class,0.6369,positive
great video even scientist discovered criprcas dont explain well,0.5083,positive
saved life thank,0.6486,positive
hope helpful freaking revealing looking understandable explanation crispr saw video thanks lot subscribing channel,0.7003,positive
class ca protein recognise foreign dna break dna incorporate foreign dna crispr system,0.0,neutral
best explanation thanks share,0.8519,positive
great vid ever crispr many thanks,0.7906,positive
great video thanks explaining easy way crispr work,0.872,positive
thank u helpful,0.6486,positive
helpful thank video,0.6486,positive
wondering progamme grna,0.0,neutral
thank awesome video,0.765,positive
seeing possibility crisprcas made think impossible using gene splicing seems gene splicing allows exactly thing isolating specific gene cutting dna specific point inserting isolated gene point allow awesome thing like inactivating mutated gene replacing healthy version isnt case ive heard thing like previous technique much less precise efficient crisprcas better point,0.9363,positive
wish could see genetics lab look like step done manipulate small fragile thing,0.6369,positive
saying viral dna enters cell virusses dont dna right rna mishearing something,0.0,neutral
people heard kurzegesagt scishow made vids,0.0,neutral
thank much paul saved reading bunch introductory article got need min incredible man despite could bring harm nature awesome topic discovery,0.9052,positive
used watch video high school found watching one college thank bozeman science,0.3612,positive
oh god haha bozeman always end coming back watch video watching year keep,0.6249,positive
excellent video well explained exam looming cant thank enough,0.4922,positive
thanks paul explained complex topic great ease great job,0.9274,positive
good explanation clear thank,0.7906,positive
amazing thanks helpful,0.8591,positive
thank explained perfectly,0.7717,positive
break dna host dna going added fascinating magic involved,0.5423,positive
thanks lot information paul helpful,0.6908,positive
use info mentioned presentation im making yes reference source,0.4019,positive
dont like u,-0.2755,negative
definitely made clear helpful thanks,0.875,positive
come ca protein produce overhang mean like interested introducing certain gene manipulated genome better produce overhang like case restriction enzyme dna stand added hybrid overhang eventually part genome,0.7906,positive
crisprcas system introduced body long last like expiration something,0.3612,positive
good explained long super,0.7783,positive
great work thanks,0.7906,positive
love love love video especially love video program use animation,0.9571,positive
christian youtube hero gon na mass flag sure xd,0.8658,positive
video big help thank,0.6369,positive
super helpful thank taking time explain,0.8481,positive
wonder day pubic api rewriting genetic code home python could literally allow program python,0.2263,positive
sound great think would never started experimenting human animal food wouldnt search cure disease altering dna disease man made civilization created issue greed created difficulty altering dna create problem past instead creating new disease focusing creating new one dont go back natural order thing enough land resource used correctly sustain humanity using science technology unknown way advance civilization soon technology takeover everything computerized limit human creativity every wayif think youre bored wait computer take,0.6358,positive
shorter better visually verbally articulated doudnas ted talk thank breaking well,0.7579,positive
ive watched half dozen video crispr including one none explain system enter every singe cell living organism video including one explain get crisprcas single cell get single cell begin get every single cell inside living organism someone explain thanks,0.4404,positive
like thank,0.6124,positive
started freshman year college video senior year still studying thank,0.3612,positive
seananners made search find video,0.0,neutral
love video thanks,0.7964,positive
nice jop,0.4215,positive
hey need help im th grade project crispr due monday next week literally dont even understand bit,0.4019,positive
super erklrt,0.5994,positive
excited youtube search crispr see video second hit thank science video one best site,0.8442,positive
find complex video,0.0,neutral
could used infection like herpes lie dormant making harder fight conventional method remain inside nuclear envelope attached dna activated stress example replicates cause outbreak could crispr method used fight virus activated eventually eliminating virus ever specific time frame established thus considered curable,-0.6705,negative
aaaaaawesome,0.0,neutral
eloquent explanation thank,0.3612,positive
fantastic balance information understandability,0.5574,positive
wow brilliant thank,0.8779,positive
great video thanks,0.7906,positive
well explained,0.2732,positive
damn human going hell,-0.8074,negative
thank si much simple understandable straight point thnks lot,0.5267,positive
best explanation ive seen yet thanks much,0.7964,positive
minor quibble usually new spacerrepeats added proximal distal end crispr locus exactly mammalian immune system work larger scale youve stated host dna rna used gene replacement nice graphic,0.6124,positive
much appreciated great presentation quality content thanks,0.8834,positive
thats cool,0.3182,positive
informative thank,0.3612,positive
holy fuck people computer,-0.5423,negative
excellent explanation great job,0.8316,positive
brilliant thank,0.743,positive
hi video help explains lot still dont get crispr much better using restriction enzyme plasmid,0.5423,positive
simply amazing thank much making easy,0.8481,positive
helpful dude thx lot,0.6486,positive
thanks excellent wonder class ca protein add new piece virus library distinguish harmful rna endogenous rna,0.765,positive
seems scientist use system insert remove dna wish could cut unwanted dna end instead one end time would removed dna editing system write delete severely limited instead trying remove dna scientist try fill garbage order break make dna messy make much harder actually perform deletion later case discover later finally accomplish dont relish thought dna made messy even harder edit later technique im hugely disappointed scientist yet usual overhyped,-0.8687,negative
great video thank simpe explanation mister im wondering software using video similar wit m power point im quite sure maybe software thanks advance nikola,0.902,positive
great presentation thanks,0.7906,positive
helpful explanation one question though case phage manage infect bacteria bacteria certain point wont bacteria via evolution phage become extinct,0.5994,positive
thought complex procedure u explain simply beautifully thank,0.7351,positive
awesome mr andersen,0.6249,positive
perfect narrative,0.5719,positive
microbiologist reading gene video really helped thanks,0.4902,positive
thank nicely explained,0.6597,positive
frightening look created lifeless uranium plutonium heavy water,-0.296,negative
simple dimple,0.0,neutral
thank nlp bit,0.3612,positive
great one sir,0.6249,positive
awesome video helpful thank,0.8555,positive
great help thanks,0.8658,positive
definitely helpful thanks lot,0.8126,positive
watched another video pig dog created process,0.25,positive
vector new dna come ca,0.0,neutral
build rsorno multible gain changerthe proteine change key,0.5267,positive
super perfect video thanks,0.8885,positive
looking good comprehensive video crispr ca system happy stumbled upon one thank much,0.8779,positive
question crisprcas system edit gene cell divide dna happens existing cell make change every existing cell body adult diagnosed disease born,0.0,neutral
best explanation far thanks paul,0.7964,positive
comment vile x rated people striped humanity feel others understand natural world getting manipulated dr mengele type operating right crisper another road suffering,-0.8074,negative
want evil people messing dna cant even treat dog compassion seriously stop taken ride,-0.7398,negative
thank sooo much ill presentation school topic basically going explanation german best material ive found internet,0.5994,positive
theorie cure neurodermitis system tend get neurodermitis genetical really hope could way suffer destroys life active firefighter cant bit sport everytime sweat skin go rampage mode look like burning victim,-0.204,negative
using modify embryo make whole organism change use cure disease wed need apply change large number cell,0.0772,positive
helped lot thanks video,0.4404,positive
fuck,-0.5423,negative
awesome work really helped thank,0.7832,positive
dr andersen indeed helpful thanks post,0.6908,positive
question say want make complex insert new gene add third part system gene added sequence simply added construct ca vector cotransferred another vector ligation still done ca enzyme ligases thanks,0.4939,positive
awesome thanks,0.7906,positive
helpfull thanks,0.4404,positive
awsum loved way u hv simplified whole technique grt help thnks ton,0.765,positive
good noob like topictechnology thx,0.7717,positive
thank helping understand im back school year degree im bit rusty understanding abstract concept really hard animation explanation finally thang thanks thanks thanks thousand time thanks,0.9275,positive
thank understand going im good biology holy shit fantastic change course history biology medicine bioengineering,0.6597,positive
excellent summary implication exciting potentially frightening,0.5719,positive
fantastic thank youuuuuu saved exam,0.836,positive
easy understand,0.4404,positive
great video youre really good explaining got abo hope teacher please become one,0.9099,positive
thank much video helpful far easier understand others,0.7964,positive
informative explanation paul anderson made crystal clear,0.3818,positive
cystic fibrosis patient molecular biology student say clear explanation thank,0.6249,positive
bos thank,0.3612,positive
helpful cell store old virus info correct location fight future infection,0.0516,positive
thanks mr bozeman,0.4404,positive
really really helpful thank much,0.7516,positive
extremely helpful people kept mentioning class finally join conversation thanks making video,0.8016,positive
could prefer software program used create interesting lesson need,0.5859,positive
thank saved biology exam,0.6486,positive
nobelprize lol,0.4215,positive
bozeman science single handedly saving as grade year university thanks lot,0.4404,positive
ive struggling understand month since covered one final year module explained incredibly well thanks much,0.4159,positive
love talk simple extremely helpful,0.807,positive
good video fill space left video one question replacement gene incorporated cut strand,0.2023,positive
excelent video create grna,0.2732,positive
crispr kind like findandreplace tool microsoft word,0.7096,positive
thank much helpful,0.6486,positive
thanks info,0.4404,positive
absolute bangin video paul helped lot exam question science community challenge crisprcas system maybe video specially come gene therapy efficient vectordelivery system still posed greatest barrier idea efficiency system delivery disruption important gene,0.8225,positive
nice neat,0.7003,positive
cleared explained im presentation topic cant understand reading research article video make everything understandable thank,0.4404,positive
thats awesome thank sir beautiful explanation,0.8885,positive
beautiful video paul thank much helpful exam two week time keep finger crossed question coming x,0.8481,positive
havent finished video yet still watching explanation right mark cool reminds megaman xd absorbing enemy power awesome,0.7717,positive
picture ca look like manatee sea mammal,0.3612,positive
thank nice video,0.6486,positive
final hour helped tremendously thanks,0.4927,positive
wait add rna dna primer dna essentially rna,0.0,neutral
spednign minute instead spending hour read paper thanks,0.4404,positive
laughed nobelprize shouldve,0.4588,positive
guy awesome,0.6249,positive
helpfulthank,0.0,neutral
well explained thanks lot,0.6124,positive
please would make video muscular system lab looking video online good video,0.6369,positive
thank clear explanation,0.6249,positive
hican plz tell recent amazing research genetics biochemistryother crispr ca role treating different disease,0.6249,positive
hows development crispr ca testing human,0.0,neutral
video beneficial watched one couldnt stop please keep good work,0.6933,positive
paul looked video website couldnt find direct section look thanks,0.4404,positive
idea helpful video really wish u could cover higher term physiology subject tried googling thing didnt cover seriously one actually explain thing way interesting simple really short time u dont waste time introducing wtv plus example stick within u thanks lot reason pas exam oh excuse english mother language,0.9266,positive
love video helpful,0.7906,positive
thanks go around teach pal university,0.4404,positive
helpful hell yes thank goodness pioneering scientist much great video,0.8591,positive
helpful video ive found topic far thank much information,0.6486,positive
semple easy understandable amazing thanks lot,0.8625,positive
nice video noticed glossed tcrrna bit seems like arming mechanism protein also clear yet palindrometcrrna part grna sequence vary specific sequence ca work lastly clear ca identifies new foreign sequence added crispr system,0.8591,positive
fantastic video thanks,0.7579,positive
took teacher minute explain class countless hour student understand guy minute would biology major teacher,0.0,neutral
crisper dna thymus correlation,0.0,neutral
give hope many medical frontier thanks explaining detail,0.7003,positive
didnt truly understand crispr watched great job breaking,0.4007,positive
mean skype invitation,0.0,neutral
hello mr paul musa middle school science teacher saudi arabiai crazy using technology class made student watch several videosrecently promised invite speak particular topic taken minute chance speaking directly asking questionsplease glad get response personal emailwe really love video hope read response soon sirthanks,0.924,positive
perfect confused crispr video,0.34,positive
supper helpful thank much,0.6486,positive
wow good,0.7717,positive
mranderson endeavor educate kid beneficial video intriguing like overall idea website learn great deal path get ap biology exam thank much per knowledge nonprofitable website,0.9001,positive
fantastic video reading paper guide rna couldnt figure thanks broseman,0.2946,positive
ap biology teacher always recommending video explain topic recently came across crspr news discussing seasoned bio student got nsta digest video therei ecstatic like two world meeting anyhow great job thanks keeping everything,0.9153,positive
great explanation still bit detailed need entrylevel techcollege horticulture student suggest bozeman science video give simple explanation genetically engineering plant herbicide resistance insect resistancetolerance,0.6249,positive
thank absolutely right video report crisprcas last semester struggled figure everything video would helped greatly cant wait try experiment,0.0258,neutral
awesome usual thanks lot,0.7906,positive
thanks much ive looking good explanation montana state,0.7003,positive
thanks much really helpful,0.7178,positive
hi wondering cellular level please respond k hard science lab,0.2263,positive
hey mr anderson im tessa im gr biology student previously demonstrated one video four main plant type example angiosperm time could maybe go detail would really help alot,0.4576,positive
thanks class didnt get really helped,0.4404,positive
mr anderson never fails explain thing thouroughly remember discovered e coli genome know better imagine natural selectionbiodiversity already made u use future,0.7738,positive
video cell signaling signal transduction pathway camp adenyl cyclase pip etc reallt confused,-0.3182,negative
bozeman thank making video crispr love genetic engineering nice finally see video talked tool arsenal want make video im fine lol,0.9246,positive
couldve used month ap biology project crispr lololol video trash,0.0,neutral
amazing video keep like greeting form novi pazar srbija,0.836,positive
cool also made video crispr ive working two year,0.3182,positive
ego denies insight vaccine contain plethora toxic substance stop believing mainstream bullshit cure cancer suppressed researched hahahaha profit cure,-0.8834,negative
great video helpful informative,0.7845,positive
awesome frightening awesome frightening damn cant decide guess,0.0258,neutral
needed video two week ago still great help,0.7783,positive
crisprcas part plasmid thanks,0.4404,positive
ctrl ctrl x ctrl v,0.0,neutral
wonder genetic engineering reach germ line cell particularly men always making new sperm cell,0.0258,neutral
thank much lesson always clear interesting,0.7783,positive
helpful summary thank posting,0.6486,positive
thats badass shit,-0.6369,negative
