pair,count
"('great', 'watch')",3
"('dna', 'host')",13
"('dna', 'question')",9
"('dna', 'use')",8
"('add', 'dna')",7
"('also', 'dna')",4
"('dna', 'instead')",4
"('dna', 'rna')",20
"('base', 'dna')",5
"('ca', 'dna')",16
"('dna', 'place')",4
"('dna', 'protein')",8
"('dna', 'first')",5
"('dna', 'insert')",10
"('add', 'host')",3
"('host', 'rna')",9
"('host', 'insert')",5
"('add', 'question')",3
"('ca', 'question')",6
"('protein', 'question')",4
"('first', 'question')",3
"('insert', 'question')",3
"('instead', 'use')",3
"('rna', 'use')",4
"('ca', 'use')",4
"('protein', 'use')",4
"('add', 'rna')",5
"('add', 'ca')",4
"('add', 'first')",3
"('add', 'insert')",3
"('also', 'ca')",3
"('also', 'protein')",3
"('also', 'insert')",3
"('ca', 'rna')",5
"('protein', 'rna')",6
"('insert', 'rna')",3
"('ca', 'place')",3
"('ca', 'protein')",15
"('ca', 'insert')",6
"('place', 'protein')",3
"('insert', 'protein')",3
"('sir', 'thank')",11
"('good', 'sir')",4
"('helped', 'thank')",18
"('helped', 'really')",11
"('presentation', 'thank')",6
"('really', 'thank')",26
"('good', 'thank')",8
"('good', 'really')",8
"('crispr', 'watched')",8
"('much', 'watched')",4
"('video', 'watched')",18
"('far', 'watched')",3
"('thank', 'watched')",8
"('enough', 'everything')",3
"('enough', 'video')",4
"('enough', 'thank')",4
"('crispr', 'much')",15
"('crispr', 'everything')",4
"('crispr', 'helped')",5
"('crispr', 'video')",55
"('crispr', 'far')",7
"('crispr', 'thank')",27
"('piece', 'video')",3
"('everything', 'much')",3
"('helped', 'much')",13
"('much', 'video')",43
"('far', 'much')",4
"('much', 'thank')",81
"('everything', 'video')",8
"('everything', 'thank')",8
"('detail', 'video')",7
"('helped', 'video')",19
"('together', 'video')",3
"('far', 'video')",10
"('thank', 'video')",90
"('far', 'thank')",5
"('could', 'used')",7
"('could', 'weapon')",3
"('could', 'good')",3
"('good', 'used')",6
"('love', 'video')",13
"('create', 'dont')",4
"('dont', 'use')",3
"('god', 'love')",4
"('great', 'video')",54
"('always', 'video')",5
"('always', 'thank')",5
"('crispr', 'need')",8
"('back', 'crispr')",3
"('need', 'video')",6
"('need', 'thank')",6
"('back', 'come')",3
"('come', 'video')",5
"('come', 'thank')",3
"('back', 'video')",4
"('back', 'thank')",5
"('medical', 'student')",3
"('help', 'student')",3
"('much', 'student')",3
"('student', 'video')",13
"('student', 'year')",5
"('student', 'thank')",6
"('medical', 'video')",3
"('help', 'much')",5
"('help', 'still')",4
"('help', 'video')",11
"('help', 'year')",3
"('help', 'thank')",7
"('come', 'still')",4
"('back', 'year')",4
"('every', 'much')",3
"('every', 'video')",4
"('every', 'thank')",3
"('much', 'still')",3
"('much', 'year')",3
"('still', 'video')",12
"('still', 'year')",4
"('still', 'thank')",5
"('video', 'year')",13
"('thank', 'year')",9
"('done', 'like')",3
"('like', 'tell')",4
"('like', 'though')",3
"('like', 'used')",4
"('god', 'life')",3
"('life', 'never')",3
"('life', 'video')",3
"('later', 'year')",3
"('god', 'video')",5
"('explanation', 'video')",18
"('explanation', 'year')",4
"('explanation', 'please')",4
"('explanation', 'love')",3
"('degree', 'video')",3
"('hope', 'video')",5
"('future', 'never')",3
"('never', 'take')",3
"('never', 'video')",7
"('never', 'year')",3
"('please', 'video')",9
"('explanation', 'great')",18
"('crispr', 'think')",4
"('ca', 'think')",3
"('good', 'think')",3
"('crispr', 'infection')",3
"('crispr', 'gene')",11
"('bacterial', 'crispr')",3
"('crispr', 'job')",5
"('crispr', 'sequence')",5
"('ca', 'crispr')",25
"('crispr', 'good')",12
"('gene', 'inserted')",3
"('inserted', 'sequence')",3
"('gene', 'sequence')",5
"('ca', 'gene')",12
"('gene', 'good')",4
"('good', 'job')",3
"('ca', 'sequence')",4
"('ca', 'good')",3
"('lot', 'year')",3
"('lot', 'wow')",4
"('lot', 'thanks')",23
"('thanks', 'year')",9
"('thanks', 'wow')",3
"('god', 'playing')",5
"('men', 'x')",3
"('biology', 'level')",3
"('explanation', 'sir')",6
"('explanation', 'good')",12
"('explanation', 'thank')",38
"('loved', 'much')",3
"('loved', 'thank')",3
"('explanation', 'simple')",9
"('helpful', 'thank')",58
"('cell', 'crispr')",9
"('crispr', 'made')",8
"('crispr', 'way')",6
"('believe', 'cell')",3
"('cell', 'way')",5
"('made', 'way')",5
"('explained', 'video')",15
"('concept', 'video')",5
"('across', 'video')",3
"('come', 'dna')",5
"('helpful', 'super')",8
"('gene', 'want')",4
"('cell', 'gene')",8
"('cell', 'would')",4
"('gene', 'would')",4
"('job', 'thanks')",7
"('explaining', 'job')",5
"('im', 'like')",6
"('im', 'thanks')",13
"('im', 'sure')",3
"('like', 'work')",3
"('thanks', 'work')",6
"('explaining', 'work')",3
"('like', 'thanks')",6
"('sure', 'thanks')",3
"('explaining', 'thanks')",5
"('lead', 'people')",3
"('enough', 'gene')",3
"('gene', 'using')",4
"('getting', 'people')",3
"('people', 'using')",3
"('cancer', 'medicine')",3
"('explanation', 'much')",13
"('explanation', 'thanks')",18
"('get', 'much')",5
"('much', 'thanks')",18
"('much', 'simple')",3
"('get', 'thanks')",4
"('get', 'simple')",3
"('simple', 'thanks')",5
"('better', 'video')",5
"('better', 'thank')",3
"('man', 'saved')",3
"('man', 'video')",4
"('man', 'thank')",4
"('understanding', 'video')",4
"('class', 'understanding')",3
"('thank', 'understanding')",7
"('saved', 'video')",4
"('saved', 'thank')",10
"('see', 'video')",5
"('see', 'thank')",3
"('entire', 'video')",3
"('teacher', 'video')",8
"('class', 'video')",12
"('video', 'watch')",7
"('class', 'teacher')",4
"('teacher', 'watch')",3
"('class', 'thank')",6
"('biology', 'student')",6
"('amazing', 'biology')",3
"('amazing', 'much')",4
"('amazing', 'video')",16
"('biology', 'much')",3
"('biology', 'video')",14
"('cure', 'disease')",6
"('cure', 'one')",3
"('every', 'question')",3
"('disease', 'every')",3
"('cell', 'every')",5
"('every', 'new')",3
"('body', 'every')",3
"('every', 'one')",4
"('gene', 'still')",5
"('question', 'still')",3
"('insert', 'still')",4
"('gene', 'question')",8
"('disease', 'gene')",4
"('gene', 'replace')",3
"('gene', 'new')",7
"('gene', 'one')",7
"('gene', 'insert')",7
"('disease', 'question')",3
"('cell', 'question')",7
"('new', 'question')",6
"('one', 'question')",8
"('cell', 'hope')",3
"('cell', 'disease')",7
"('body', 'disease')",3
"('disease', 'one')",5
"('cell', 'new')",5
"('cell', 'old')",3
"('body', 'cell')",3
"('cell', 'one')",8
"('cell', 'insert')",6
"('new', 'one')",4
"('insert', 'new')",5
"('body', 'one')",5
"('insert', 'one')",3
"('dna', 'human')",10
"('dna', 'science')",3
"('dna', 'like')",12
"('dna', 'know')",12
"('human', 'many')",4
"('human', 'like')",4
"('human', 'know')",6
"('many', 'science')",3
"('like', 'many')",3
"('like', 'science')",5
"('know', 'science')",8
"('explanation', 'like')",8
"('know', 'like')",7
"('like', 'theory')",3
"('explained', 'great')",5
"('great', 'thanks')",25
"('explained', 'thanks')",8
"('everything', 'never')",3
"('get', 'never')",3
"('like', 'never')",5
"('know', 'never')",4
"('feel', 'never')",5
"('never', 'system')",3
"('crispr', 'never')",5
"('though', 'video')",7
"('actually', 'though')",3
"('crispr', 'though')",4
"('get', 'video')",13
"('get', 'like')",6
"('get', 'life')",4
"('actually', 'get')",3
"('get', 'know')",7
"('get', 'system')",8
"('crispr', 'get')",10
"('didnt', 'get')",5
"('get', 'really')",9
"('like', 'video')",15
"('actually', 'video')",7
"('know', 'video')",11
"('feel', 'video')",4
"('knowledge', 'video')",3
"('system', 'video')",20
"('didnt', 'video')",5
"('point', 'video')",4
"('really', 'video')",31
"('like', 'teacher')",4
"('really', 'teacher')",3
"('comment', 'feel')",3
"('life', 'like')",4
"('feel', 'like')",3
"('like', 'system')",8
"('crispr', 'like')",11
"('like', 'point')",3
"('like', 'really')",8
"('life', 'system')",3
"('crispr', 'life')",4
"('life', 'really')",3
"('actually', 'know')",4
"('actually', 'system')",5
"('actually', 'crispr')",5
"('actually', 'really')",6
"('feel', 'know')",3
"('know', 'system')",6
"('crispr', 'know')",8
"('didnt', 'know')",3
"('know', 'really')",6
"('concept', 'really')",3
"('feel', 'system')",3
"('feel', 'really')",3
"('system', 'try')",3
"('crispr', 'system')",24
"('didnt', 'system')",5
"('really', 'system')",6
"('crispr', 'didnt')",5
"('crispr', 'point')",3
"('crispr', 'really')",16
"('didnt', 'really')",4
"('first', 'thank')",6
"('gene', 'interest')",3
"('anyone', 'etc')",3
"('dna', 'though')",3
"('ive', 'though')",3
"('dna', 'ive')",3
"('dna', 'gene')",13
"('dna', 'genetic')",3
"('cutting', 'dna')",10
"('dna', 'thing')",7
"('dna', 'follow')",3
"('dna', 'new')",12
"('dna', 'go')",6
"('advanced', 'new')",3
"('ive', 'thing')",5
"('ive', 'taken')",3
"('gene', 'genetic')",3
"('cutting', 'gene')",5
"('gene', 'thing')",3
"('gene', 'go')",4
"('cutting', 'new')",4
"('cutting', 'go')",3
"('detail', 'go')",4
"('new', 'thing')",3
"('anyone', 'thing')",3
"('go', 'thing')",3
"('biology', 'go')",3
"('anyone', 'go')",3
"('u', 'use')",3
"('helpful', 'lot')",11
"('helpful', 'thanks')",26
"('best', 'topic')",4
"('topic', 'video')",16
"('best', 'video')",29
"('get', 'hope')",4
"('hope', 'really')",5
"('really', 'wow')",4
"('really', 'study')",3
"('really', 'stuff')",3
"('hope', 'wow')",3
"('hour', 'took')",5
"('thank', 'tried')",3
"('even', 'make')",3
"('make', 'thank')",8
"('professor', 'thank')",4
"('even', 'thank')",3
"('explaining', 'thank')",5
"('really', 'student')",4
"('student', 'thanks')",7
"('advance', 'thanks')",3
"('thanks', 'video')",52
"('really', 'thanks')",14
"('sharing', 'thanks')",3
"('awesome', 'thanks')",8
"('explanation', 'one')",5
"('explanation', 'question')",3
"('bozeman', 'great')",3
"('bozeman', 'thanks')",3
"('great', 'one')",9
"('one', 'thanks')",5
"('crisprcas', 'one')",4
"('thanks', 'want')",3
"('cell', 'great')",5
"('great', 'question')",3
"('disease', 'great')",3
"('crisprcas', 'great')",3
"('cell', 'genetic')",5
"('cell', 'crisprcas')",6
"('disease', 'genetic')",5
"('question', 'thanks')",3
"('crisprcas', 'question')",3
"('crisprcas', 'thanks')",5
"('short', 'time')",3
"('short', 'thanks')",3
"('thanks', 'time')",7
"('fantastic', 'thanks')",4
"('understood', 'watched')",3
"('finally', 'understood')",6
"('understood', 'video')",8
"('thank', 'understood')",10
"('found', 'video')",10
"('found', 'thank')",9
"('confused', 'still')",3
"('confused', 'video')",3
"('finally', 'still')",3
"('finally', 'video')",8
"('finally', 'thank')",10
"('gene', 'host')",4
"('host', 'said')",3
"('gene', 'rna')",4
"('rna', 'said')",3
"('inserting', 'rna')",3
"('dna', 'said')",4
"('dna', 'inserting')",4
"('much', 'well')",6
"('much', 'really')",15
"('helpful', 'much')",26
"('really', 'well')",8
"('thank', 'well')",9
"('helpful', 'well')",4
"('helpful', 'really')",20
"('video', 'youtube')",5
"('presentation', 'use')",3
"('use', 'would')",3
"('use', 'video')",4
"('video', 'website')",3
"('video', 'would')",9
"('like', 'would')",3
"('go', 'would')",3
"('go', 'video')",6
"('go', 'like')",5
"('awesome', 'explanation')",5
"('interested', 'video')",4
"('amazing', 'explanation')",6
"('amazing', 'thank')",14
"('foreign', 'system')",3
"('ca', 'foreign')",4
"('foreign', 'protein')",4
"('ca', 'system')",13
"('human', 'system')",4
"('immune', 'system')",9
"('body', 'system')",6
"('protein', 'system')",6
"('one', 'system')",7
"('ca', 'human')",5
"('ca', 'immune')",3
"('ca', 'one')",5
"('one', 'use')",3
"('body', 'human')",3
"('human', 'one')",8
"('immune', 'protein')",3
"('helpful', 'sharing')",3
"('crispr', 'help')",9
"('best', 'keep')",3
"('keep', 'work')",4
"('best', 'love')",3
"('good', 'work')",4
"('informative', 'video')",9
"('informative', 'thank')",5
"('finally', 'got')",3
"('got', 'thank')",3
"('life', 'saver')",3
"('life', 'thank')",3
"('exam', 'thank')",10
"('dna', 'really')",8
"('money', 'think')",3
"('good', 'power')",3
"('money', 'used')",3
"('good', 'money')",3
"('could', 'help')",7
"('dna', 'sequence')",5
"('dna', 'remove')",3
"('dna', 'want')",7
"('crispr', 'dna')",19
"('dna', 'specific')",4
"('dna', 'enzyme')",3
"('enzyme', 'sequence')",3
"('gene', 'like')",5
"('gene', 'specific')",4
"('enzyme', 'gene')",4
"('cutting', 'like')",3
"('cutting', 'specific')",3
"('like', 'specific')",4
"('crispr', 'modified')",3
"('crispr', 'want')",3
"('crispr', 'specific')",5
"('crispr', 'go')",5
"('could', 'something')",3
"('could', 'year')",3
"('show', 'year')",3
"('ask', 'something')",3
"('inject', 'virus')",4
"('could', 'human')",3
"('could', 'yet')",3
"('could', 'virus')",4
"('human', 'modified')",3
"('virus', 'yet')",3
"('never', 'understood')",4
"('thanks', 'understood')",5
"('never', 'watched')",3
"('thanks', 'watched')",4
"('thought', 'would')",4
"('end', 'would')",3
"('paul', 'thanks')",7
"('great', 'much')",14
"('could', 'great')",4
"('great', 'job')",15
"('great', 'please')",3
"('great', 'thank')",23
"('could', 'much')",4
"('much', 'one')",6
"('could', 'video')",11
"('could', 'thank')",7
"('could', 'one')",6
"('job', 'video')",6
"('job', 'thank')",3
"('please', 'thank')",4
"('one', 'please')",4
"('one', 'video')",25
"('one', 'thank')",8
"('part', 'plasmid')",3
"('edit', 'gene')",4
"('cell', 'edit')",3
"('dna', 'edit')",5
"('cell', 'strand')",3
"('dna', 'strand')",4
"('part', 'strand')",3
"('gene', 'part')",6
"('cell', 'dna')",17
"('cell', 'part')",4
"('dna', 'part')",9
"('dna', 'put')",3
"('dna', 'scientist')",3
"('dna', 'third')",3
"('part', 'third')",4
"('much', 'understood')",4
"('im', 'understood')",5
"('explanation', 'lot')",4
"('explanation', 'im')",6
"('lot', 'much')",8
"('helped', 'lot')",11
"('lot', 'thank')",10
"('lot', 'video')",20
"('im', 'much')",5
"('like', 'much')",7
"('guy', 'teacher')",3
"('helped', 'im')",3
"('im', 'thank')",15
"('like', 'thank')",8
"('im', 'video')",19
"('ask', 'id')",3
"('everything', 'human')",3
"('everything', 'year')",3
"('dont', 'everything')",3
"('dna', 'even')",4
"('dna', 'dont')",12
"('dna', 'thought')",3
"('dna', 'something')",5
"('dna', 'scale')",3
"('dna', 'people')",5
"('dna', 'level')",3
"('dna', 'happens')",5
"('dna', 'next')",3
"('body', 'dna')",3
"('dna', 'good')",6
"('dna', 'system')",14
"('ask', 'dna')",3
"('dna', 'u')",7
"('even', 'year')",4
"('dont', 'even')",6
"('even', 'thought')",3
"('even', 'people')",5
"('even', 'system')",5
"('crispr', 'even')",4
"('ask', 'even')",3
"('human', 'year')",4
"('china', 'human')",3
"('dont', 'human')",3
"('human', 'thought')",3
"('human', 'something')",4
"('crispr', 'human')",11
"('human', 'individual')",3
"('human', 'u')",3
"('china', 'year')",3
"('people', 'year')",3
"('good', 'year')",4
"('crispr', 'year')",6
"('u', 'year')",3
"('dont', 'idea')",3
"('idea', 'people')",3
"('good', 'idea')",3
"('idea', 'u')",3
"('dont', 'thought')",3
"('dont', 'something')",6
"('dont', 'people')",3
"('dont', 'good')",4
"('dont', 'system')",3
"('crispr', 'dont')",6
"('ask', 'dont')",3
"('dont', 'u')",6
"('people', 'thought')",3
"('crispr', 'thought')",3
"('control', 'thought')",3
"('thought', 'u')",4
"('people', 'something')",3
"('body', 'something')",4
"('good', 'something')",3
"('something', 'system')",3
"('something', 'u')",4
"('crispr', 'well')",5
"('people', 'want')",3
"('good', 'people')",3
"('crispr', 'people')",4
"('people', 'u')",4
"('system', 'want')",3
"('already', 'crispr')",4
"('good', 'system')",7
"('good', 'u')",3
"('ask', 'crispr')",3
"('crispr', 'u')",3
"('super', 'thank')",6
"('amazing', 'great')",4
"('amazing', 'science')",4
"('great', 'science')",7
"('better', 'dna')",3
"('better', 'crispr')",3
"('dna', 'two')",3
"('dna', 'say')",3
"('dna', 'sound')",3
"('actually', 'dna')",5
"('another', 'dna')",5
"('dna', 'expression')",3
"('dna', 'one')",12
"('dna', 'within')",3
"('human', 'term')",3
"('human', 'say')",3
"('human', 'sound')",3
"('human', 'really')",4
"('crispr', 'term')",3
"('really', 'term')",4
"('crispr', 'two')",4
"('two', 'within')",3
"('one', 'say')",3
"('crispr', 'say')",5
"('really', 'say')",4
"('actually', 'one')",3
"('another', 'crispr')",3
"('crispr', 'one')",15
"('one', 'within')",4
"('one', 'really')",10
"('really', 'within')",3
"('great', 'understood')",4
"('time', 'understood')",3
"('really', 'understood')",3
"('great', 'never')",5
"('great', 'time')",3
"('great', 'understand')",8
"('great', 'know')",3
"('feel', 'great')",3
"('great', 'system')",4
"('great', 'im')",8
"('great', 'really')",10
"('never', 'thank')",3
"('never', 'understand')",3
"('couldnt', 'never')",3
"('im', 'never')",3
"('thank', 'time')",9
"('time', 'understand')",7
"('actually', 'time')",3
"('system', 'time')",3
"('im', 'time')",6
"('really', 'time')",6
"('read', 'thank')",4
"('thank', 'understand')",30
"('paper', 'thank')",4
"('something', 'thank')",3
"('know', 'thank')",6
"('actually', 'thank')",4
"('couldnt', 'thank')",3
"('thank', 'write')",3
"('system', 'thank')",8
"('paper', 'read')",4
"('read', 'really')",3
"('something', 'understand')",6
"('know', 'understand')",7
"('actually', 'understand')",3
"('couldnt', 'understand')",3
"('system', 'understand')",5
"('need', 'understand')",5
"('im', 'understand')",13
"('really', 'understand')",10
"('paper', 'system')",3
"('im', 'paper')",3
"('paper', 'really')",3
"('know', 'something')",5
"('actually', 'something')",3
"('need', 'something')",3
"('im', 'something')",3
"('really', 'something')",4
"('know', 'need')",5
"('im', 'know')",6
"('kind', 'know')",4
"('couldnt', 'feel')",3
"('actually', 'im')",5
"('need', 'system')",3
"('im', 'system')",6
"('im', 'need')",4
"('im', 'really')",9
"('kind', 'really')",3
"('high', 'level')",3
"('level', 'video')",4
"('biology', 'molecular')",8
"('high', 'video')",5
"('high', 'school')",8
"('molecular', 'video')",3
"('dont', 'right')",3
"('dont', 'video')",8
"('either', 'video')",5
"('right', 'video')",10
"('school', 'video')",6
"('explaining', 'video')",8
"('experiment', 'gene')",3
"('experiment', 'going')",3
"('gene', 'video')",11
"('paper', 'video')",5
"('using', 'video')",6
"('depth', 'video')",3
"('make', 'video')",16
"('going', 'video')",4
"('gene', 'thank')",3
"('thank', 'using')",4
"('going', 'thank')",3
"('class', 'student')",6
"('crispr', 'student')",3
"('going', 'student')",3
"('im', 'student')",5
"('gene', 'system')",9
"('gene', 'make')",6
"('class', 'system')",3
"('class', 'crispr')",4
"('class', 'going')",3
"('class', 'im')",7
"('system', 'using')",3
"('crispr', 'using')",4
"('im', 'using')",4
"('make', 'system')",8
"('crispr', 'make')",12
"('crispr', 'knockout')",4
"('crispr', 'going')",4
"('crispr', 'im')",12
"('im', 'make')",8
"('im', 'knockout')",3
"('going', 'im')",4
"('mr', 'student')",3
"('anderson', 'mr')",3
"('dont', 'understand')",9
"('dont', 'still')",4
"('still', 'understand')",5
"('making', 'thanks')",6
"('making', 'video')",10
"('awesome', 'video')",12
"('could', 'understand')",7
"('crispr', 'technology')",8
"('crispr', 'explained')",3
"('crispr', 'explaining')",6
"('technology', 'thank')",3
"('explained', 'thank')",12
"('explained', 'perfectly')",6
"('go', 'thank')",4
"('nice', 'thanks')",7
"('many', 'thanks')",7
"('cool', 'video')",4
"('dna', 'explain')",4
"('dna', 'someone')",3
"('added', 'dna')",5
"('complex', 'dna')",3
"('complex', 'insert')",3
"('ca', 'complex')",4
"('ca', 'new')",6
"('new', 'u')",4
"('cutting', 'insert')",3
"('ca', 'cutting')",5
"('fast', 'little')",3
"('explained', 'topic')",5
"('topic', 'well')",4
"('explained', 'well')",13
"('crispr', 'simple')",6
"('ca', 'simple')",3
"('complicated', 'understand')",3
"('complicated', 'video')",3
"('know', 'want')",3
"('understand', 'want')",4
"('video', 'want')",3
"('really', 'want')",3
"('dna', 'spacer')",8
"('spacer', 'time')",3
"('took', 'understand')",3
"('time', 'took')",3
"('know', 'watching')",3
"('dna', 'understand')",5
"('dna', 'time')",6
"('dna', 'video')",9
"('understand', 'watching')",3
"('understand', 'video')",23
"('helpful', 'understand')",7
"('simple', 'understand')",6
"('reading', 'video')",7
"('video', 'watching')",12
"('time', 'video')",13
"('helpful', 'time')",5
"('helpful', 'video')",35
"('simple', 'video')",12
"('really', 'simple')",4
"('helpful', 'simple')",3
"('perfect', 'thank')",4
"('enough', 'human')",3
"('human', 'make')",3
"('going', 'human')",6
"('year', 'yet')",3
"('make', 'yet')",3
"('going', 'year')",5
"('many', 'one')",3
"('many', 'really')",3
"('could', 'make')",10
"('could', 'really')",9
"('good', 'one')",7
"('good', 'make')",4
"('one', 'technology')",6
"('make', 'technology')",3
"('really', 'technology')",4
"('make', 'really')",4
"('going', 'really')",3
"('cure', 'take')",3
"('cause', 'human')",4
"('could', 'sense')",3
"('crispr', 'sense')",3
"('make', 'sense')",6
"('cause', 'crispr')",4
"('cause', 'really')",3
"('could', 'like')",5
"('could', 'crispr')",8
"('crispr', 'used')",8
"('make', 'used')",5
"('like', 'make')",6
"('crispr', 'wow')",4
"('make', 'wow')",3
"('crispr', 'super')",3
"('dna', 'repair')",3
"('cause', 'dna')",3
"('disease', 'dna')",5
"('dna', 'help')",3
"('dna', 'using')",4
"('dna', 'way')",3
"('dna', 'virus')",8
"('dna', 'far')",3
"('crispr', 'tool')",3
"('genetic', 'know')",4
"('crispr', 'genetic')",3
"('genetic', 'virus')",3
"('hope', 'lot')",3
"('disease', 'help')",4
"('disease', 'know')",3
"('disease', 'using')",3
"('disease', 'good')",3
"('disease', 'working')",3
"('crispr', 'disease')",4
"('disease', 'virus')",3
"('help', 'people')",3
"('know', 'people')",6
"('people', 'way')",3
"('people', 'really')",4
"('help', 'know')",5
"('help', 'way')",3
"('help', 'lot')",4
"('help', 'virus')",3
"('help', 'really')",4
"('computer', 'way')",3
"('cell', 'know')",6
"('know', 'using')",3
"('know', 'way')",4
"('know', 'virus')",4
"('cell', 'good')",3
"('cell', 'virus')",7
"('cell', 'kind')",4
"('good', 'way')",3
"('virus', 'way')",5
"('really', 'way')",5
"('crispr', 'working')",6
"('crispr', 'lot')",7
"('crispr', 'virus')",8
"('lot', 'really')",7
"('far', 'really')",3
"('helpful', 'watched')",3
"('understand', 'watched')",6
"('im', 'watched')",4
"('school', 'watched')",3
"('explanation', 'helpful')",9
"('helpful', 'im')",5
"('helpful', 'school')",3
"('explanation', 'understand')",6
"('explanation', 'school')",4
"('since', 'understand')",3
"('im', 'since')",5
"('since', 'thank')",4
"('school', 'since')",3
"('school', 'understand')",3
"('im', 'school')",5
"('school', 'thank')",5
"('crispr', 'understood')",8
"('crispr', 'explanation')",15
"('explanation', 'really')",7
"('crispr', 'great')",17
"('crispr', 'finally')",8
"('great', 'learn')",3
"('finally', 'im')",5
"('finally', 'really')",4
"('simple', 'thank')",7
"('clear', 'explanation')",14
"('clear', 'much')",6
"('clear', 'thank')",12
"('like', 'two')",4
"('seen', 'show')",3
"('amazing', 'understand')",3
"('helped', 'understanding')",5
"('im', 'understanding')",4
"('really', 'understanding')",5
"('awesome', 'helped')",3
"('awesome', 'right')",3
"('awesome', 'really')",3
"('im', 'right')",4
"('im', 'taking')",3
"('im', 'material')",3
"('complex', 'topic')",3
"('complex', 'great')",3
"('complex', 'video')",11
"('complex', 'thank')",5
"('great', 'topic')",6
"('thank', 'topic')",10
"('saw', 'video')",4
"('understandable', 'video')",6
"('thank', 'understandable')",4
"('sharing', 'thank')",3
"('nice', 'thank')",5
"('technology', 'vaccine')",3
"('made', 'technology')",3
"('technology', 'way')",3
"('create', 'wait')",3
"('cant', 'wait')",3
"('clear', 'video')",4
"('could', 'everything')",3
"('everything', 'make')",4
"('sir', 'video')",7
"('make', 'please')",4
"('hi', 'video')",3
"('technology', 'using')",3
"('ive', 'like')",3
"('explanation', 'ive')",7
"('ive', 'seen')",8
"('done', 'ive')",3
"('lab', 'like')",4
"('like', 'thing')",5
"('cell', 'like')",6
"('anyone', 'like')",4
"('seen', 'thing')",3
"('show', 'thing')",3
"('explanation', 'seen')",6
"('explanation', 'watch')",3
"('done', 'explanation')",3
"('cell', 'tell')",3
"('cell', 'seen')",3
"('cell', 'show')",3
"('anyone', 'cell')",3
"('cell', 'go')",3
"('crispr', 'without')",4
"('make', 'u')",3
"('video', 'well')",9
"('biology', 'im')",8
"('human', 'would')",3
"('know', 'thought')",3
"('biology', 'would')",4
"('know', 'see')",3
"('know', 'would')",3
"('great', 'make')",4
"('great', 'sound')",3
"('great', 'show')",3
"('thank', 'wow')",7
"('helpful', 'yes')",5
"('excellent', 'video')",11
"('dna', 'think')",6
"('like', 'think')",3
"('biology', 'like')",5
"('dna', 'look')",3
"('like', 'look')",10
"('lab', 'look')",3
"('explained', 'simple')",4
"('right', 'simple')",3
"('video', 'wow')",5
"('perfectly', 'video')",3
"('simple', 'wow')",3
"('every', 'know')",4
"('get', 'question')",3
"('cell', 'get')",8
"('get', 'way')",4
"('ca', 'get')",6
"('get', 'make')",5
"('get', 'trying')",3
"('get', 'im')",3
"('anyone', 'get')",4
"('cell', 'single')",3
"('cell', 'grna')",4
"('grna', 'know')",3
"('ca', 'grna')",4
"('cell', 'inject')",3
"('happens', 'question')",3
"('know', 'question')",4
"('make', 'question')",5
"('change', 'question')",4
"('question', 'virus')",3
"('ca', 'simply')",3
"('like', 'small')",3
"('like', 'way')",4
"('ca', 'like')",9
"('like', 'virus')",4
"('cell', 'happens')",3
"('change', 'happens')",3
"('happens', 'virus')",3
"('know', 'tell')",4
"('im', 'tell')",3
"('cell', 'organism')",6
"('ca', 'cell')",5
"('cell', 'make')",6
"('cell', 'need')",3
"('cell', 'change')",4
"('ca', 'know')",6
"('know', 'make')",3
"('know', 'please')",4
"('anyone', 'know')",3
"('make', 'organism')",3
"('change', 'organism')",3
"('ca', 'make')",4
"('ca', 'need')",3
"('ca', 'virus')",3
"('ca', 'please')",3
"('article', 'make')",3
"('article', 'reading')",4
"('change', 'make')",4
"('make', 'virus')",3
"('need', 'trying')",3
"('im', 'trying')",4
"('need', 'virus')",3
"('im', 'reading')",3
"('dna', 'need')",4
"('need', 'wow')",3
"('get', 'lot')",3
"('ago', 'video')",3
"('ago', 'year')",8
"('crispr', 'see')",4
"('finally', 'see')",3
"('get', 'see')",3
"('crazy', 'video')",3
"('finally', 'year')",3
"('get', 'made')",3
"('made', 'video')",10
"('get', 'going')",5
"('get', 'year')",3
"('create', 'crispr')",3
"('create', 'used')",3
"('covid', 'crispr')",6
"('god', 'thank')",3
"('god', 'good')",6
"('god', 'u')",3
"('thank', 'u')",12
"('good', 'video')",15
"('u', 'video')",5
"('going', 'study')",3
"('think', 'understand')",3
"('think', 'video')",3
"('system', 'think')",4
"('crispr', 'understand')",12
"('ca', 'understand')",4
"('good', 'understand')",3
"('ca', 'video')",13
"('dna', 'exactly')",3
"('chimera', 'human')",3
"('animal', 'human')",4
"('cut', 'make')",4
"('cut', 'gene')",5
"('cut', 'video')",3
"('cut', 'place')",3
"('ca', 'cut')",6
"('cut', 'protein')",3
"('gene', 'great')",3
"('get', 'great')",5
"('ca', 'great')",5
"('great', 'sure')",3
"('end', 'make')",3
"('gene', 'get')",3
"('end', 'gene')",3
"('gene', 'protein')",8
"('get', 'place')",3
"('get', 'protein')",3
"('end', 'video')",4
"('sure', 'video')",3
"('protein', 'video')",4
"('dont', 'god')",3
"('evil', 'god')",4
"('believe', 'know')",3
"('dont', 'science')",5
"('dont', 'scientist')",4
"('dont', 'know')",7
"('actually', 'dont')",4
"('dont', 'using')",4
"('person', 'use')",3
"('know', 'use')",5
"('actually', 'use')",3
"('science', 'something')",3
"('science', 'using')",3
"('science', 'u')",3
"('actually', 'scientist')",3
"('good', 'person')",3
"('dr', 'getting')",3
"('know', 'u')",5
"('actually', 'u')",4
"('evil', 'good')",3
"('done', 'good')",3
"('good', 'medicine')",3
"('crispr', 'understanding')",3
"('great', 'understanding')",3
"('crispr', 'happy')",3
"('great', 'helped')",5
"('happy', 'video')",3
"('excellent', 'get')",3
"('book', 'video')",3
"('term', 'video')",4
"('excellent', 'really')",4
"('host', 'system')",4
"('rna', 'system')",4
"('keep', 'video')",9
"('explain', 'topic')",3
"('dont', 'explain')",4
"('explain', 'time')",3
"('explain', 'video')",7
"('explain', 'please')",3
"('best', 'thankyou')",3
"('dont', 'way')",4
"('time', 'way')",3
"('video', 'way')",7
"('dont', 'time')",3
"('dont', 'please')",3
"('covid', 'vaccine')",6
"('explaining', 'great')",7
"('see', 'understand')",3
"('cut', 'still')",5
"('nice', 'video')",11
"('many', 'video')",6
"('saved', 'thanks')",3
"('reading', 'thanks')",3
"('hour', 'thanks')",4
"('done', 'well')",4
"('crispr', 'cut')",7
"('cut', 'spacer')",3
"('cut', 'dna')",15
"('cut', 'sequence')",3
"('cut', 'time')",3
"('crispr', 'spacer')",3
"('crispr', 'genome')",3
"('crispr', 'time')",3
"('dna', 'isnt')",4
"('dna', 'genome')",8
"('genome', 'sequence')",4
"('helpful', 'incredibly')",3
"('ive', 'well')",3
"('good', 'ive')",3
"('ive', 'understand')",3
"('ive', 'thanks')",8
"('ive', 'thank')",11
"('research', 'thank')",3
"('thanks', 'understand')",8
"('big', 'understand')",3
"('couldnt', 'thanks')",3
"('alot', 'thanks')",3
"('thank', 'thanks')",7
"('big', 'thank')",3
"('minute', 'took')",3
"('explain', 'took')",3
"('never', 'say')",3
"('explain', 'never')",4
"('coming', 'get')",3
"('get', 'thank')",3
"('get', 'understand')",5
"('coming', 'thank')",4
"('back', 'coming')",4
"('many', 'thank')",4
"('minute', 'thank')",5
"('say', 'thank')",6
"('bio', 'thank')",4
"('ca', 'thank')",4
"('explain', 'thank')",6
"('thank', 'trying')",5
"('many', 'understand')",4
"('ca', 'many')",3
"('crispr', 'many')",4
"('explain', 'simple')",3
"('final', 'hour')",3
"('crispr', 'description')",3
"('minute', 'understand')",3
"('explain', 'understand')",4
"('trying', 'understand')",5
"('hour', 'minute')",4
"('bio', 'explain')",3
"('bio', 'crispr')",3
"('crispr', 'explain')",6
"('explain', 'hour')",3
"('crispr', 'trying')",3
"('making', 'much')",4
"('making', 'thank')",7
"('love', 'making')",3
"('say', 'video')",5
"('like', 'say')",3
"('found', 'much')",5
"('found', 'like')",3
"('short', 'video')",4
"('love', 'much')",3
"('love', 'thank')",6
"('oh', 'video')",4
"('god', 'like')",3
"('god', 'help')",3
"('help', 'thought')",3
"('made', 'science')",3
"('like', 'made')",3
"('made', 'people')",4
"('made', 'seems')",3
"('people', 'science')",5
"('science', 'way')",3
"('help', 'like')",5
"('amazing', 'like')",4
"('like', 'part')",4
"('like', 'seems')",5
"('evil', 'people')",3
"('amazing', 'help')",3
"('part', 'want')",3
"('part', 'seems')",3
"('technology', 'used')",5
"('helped', 'thanks')",9
"('amazing', 'simply')",3
"('dna', 'heard')",3
"('dna', 'used')",6
"('good', 'heard')",3
"('explained', 'much')",6
"('explained', 'u')",5
"('much', 'u')",5
"('great', 'man')",4
"('rna', 'video')",6
"('got', 'great')",3
"('got', 'video')",5
"('mechanism', 'understood')",4
"('mechanism', 'video')",6
"('crisprcas', 'video')",12
"('much', 'watching')",3
"('crisprcas', 'much')",3
"('thank', 'watching')",5
"('mechanism', 'thank')",3
"('crisprcas', 'thank')",4
"('complex', 'simple')",6
"('also', 'human')",3
"('one', 'something')",3
"('crispr', 'vaccine')",4
"('crispr', 'every')",3
"('gene', 'therapy')",3
"('gene', 'please')",4
"('thing', 'understand')",4
"('one', 'understand')",5
"('dont', 'someone')",3
"('dont', 'thing')",5
"('dont', 'one')",6
"('one', 'someone')",3
"('crispr', 'someone')",5
"('one', 'thing')",8
"('crispr', 'thing')",5
"('crispr', 'therapy')",4
"('people', 'video')",5
"('seen', 'video')",7
"('seen', 'thank')",6
"('brilliant', 'thank')",4
"('fantastic', 'thank')",5
"('fantastic', 'video')",5
"('life', 'saved')",3
"('amazing', 'work')",3
"('awesome', 'explained')",4
"('degree', 'thanks')",3
"('thanks', 'well')",7
"('explanation', 'maybe')",3
"('great', 'overall')",3
"('great', 'helpful')",6
"('crispr', 'research')",3
"('crispr', 'fighting')",3
"('like', 'method')",4
"('gene', 'mechanism')",3
"('rna', 'would')",4
"('crispr', 'rna')",4
"('crispr', 'would')",4
"('mechanism', 'would')",3
"('crispr', 'protein')",7
"('mechanism', 'protein')",3
"('crispr', 'mechanism')",7
"('never', 'u')",3
"('edit', 'would')",3
"('dna', 'made')",5
"('dna', 'would')",8
"('able', 'dna')",4
"('something', 'video')",3
"('thing', 'video')",8
"('follow', 'video')",3
"('maybe', 'video')",5
"('explained', 'one')",5
"('explained', 'really')",6
"('made', 'thing')",4
"('made', 'would')",4
"('made', 'one')",3
"('made', 'really')",5
"('made', 'u')",3
"('rna', 'something')",4
"('base', 'pair')",3
"('people', 'thing')",3
"('know', 'rna')",5
"('able', 'rna')",3
"('really', 'rna')",3
"('really', 'thing')",4
"('thing', 'u')",4
"('one', 'would')",5
"('nice', 'would')",3
"('really', 'would')",3
"('really', 'u')",5
"('crispr', 'helpful')",7
"('looking', 'thank')",5
"('human', 'way')",3
"('dna', 'make')",7
"('make', 'use')",5
"('best', 'explanation')",20
"('crisprcas', 'dna')",4
"('cut', 'human')",5
"('cell', 'human')",4
"('like', 'year')",3
"('crisprcas', 'like')",5
"('cell', 'life')",3
"('crisprcas', 'make')",3
"('dont', 'never')",3
"('created', 'never')",3
"('everything', 'go')",3
"('human', 'order')",3
"('created', 'human')",3
"('go', 'human')",3
"('human', 'using')",3
"('dont', 'order')",3
"('go', 'year')",3
"('dont', 'problem')",4
"('dont', 'going')",3
"('created', 'using')",3
"('going', 'problem')",3
"('best', 'crispr')",21
"('best', 'much')",6
"('best', 'thank')",12
"('dont', 'need')",3
"('dont', 'helpful')",3
"('helpful', 'wow')",3
"('explained', 'nicely')",5
"('nicely', 'simple')",3
"('easy', 'explained')",4
"('easy', 'understand')",7
"('explained', 'understand')",6
"('helpfull', 'thank')",3
"('science', 'thanks')",3
"('im', 'info')",3
"('great', 'teacher')",5
"('time', 'watch')",3
"('im', 'science')",5
"('science', 'video')",15
"('science', 'watch')",3
"('ago', 'time')",3
"('time', 'year')",4
"('always', 'like')",3
"('always', 'biology')",3
"('college', 'video')",6
"('college', 'learning')",3
"('college', 'like')",3
"('class', 'college')",3
"('biology', 'college')",4
"('college', 'im')",4
"('even', 'never')",3
"('never', 'science')",3
"('class', 'never')",3
"('every', 'science')",3
"('every', 'system')",4
"('biology', 'course')",3
"('even', 'video')",4
"('even', 'science')",4
"('even', 'like')",5
"('even', 'know')",4
"('even', 'im')",4
"('learning', 'video')",4
"('ever', 'video')",5
"('example', 'video')",3
"('couldnt', 'video')",5
"('ap', 'video')",5
"('perfect', 'video')",8
"('video', 'youre')",3
"('im', 'learning')",3
"('science', 'youtube')",3
"('science', 'youre')",3
"('class', 'like')",3
"('example', 'like')",3
"('ap', 'like')",3
"('biology', 'class')",6
"('ap', 'biology')",4
"('ever', 'im')",3
"('know', 'say')",3
"('say', 'system')",3
"('example', 'know')",3
"('maybe', 'system')",3
"('im', 'maybe')",4
"('much', 'time')",8
"('much', 'paper')",4
"('etc', 'good')",3
"('genetics', 'great')",3
"('great', 'way')",7
"('good', 'great')",4
"('great', 'technology')",3
"('crispr', 'genetics')",3
"('explaining', 'way')",6
"('explaining', 'good')",4
"('explaining', 'one')",3
"('effort', 'good')",3
"('one', 'way')",3
"('herpes', 'virus')",3
"('virus', 'within')",4
"('help', 'needed')",3
"('help', 'someone')",3
"('actually', 'cell')",3
"('god', 'understand')",3
"('biology', 'professor')",3
"('biology', 'understand')",3
"('im', 'professor')",3
"('class', 'professor')",3
"('right', 'understand')",3
"('cant', 'understand')",4
"('class', 'understand')",4
"('amazing', 'wow')",3
"('struggling', 'understand')",4
"('struggling', 'thank')",4
"('best', 'one')",9
"('amazing', 'simple')",3
"('best', 'ever')",5
"('best', 'seen')",11
"('best', 'im')",3
"('ever', 'seen')",5
"('crispr', 'ever')",6
"('crispr', 'seen')",5
"('im', 'seen')",3
"('crispr', 'specifically')",3
"('easy', 'much')",5
"('easy', 'thank')",7
"('much', 'understand')",13
"('much', 'wow')",3
"('explanation', 'well')",3
"('understand', 'way')",4
"('great', 'youre')",3
"('man', 'youre')",3
"('clear', 'thats')",3
"('topic', 'understand')",6
"('hey', 'understand')",3
"('explain', 'like')",3
"('break', 'dna')",4
"('dna', 'viral')",6
"('ca', 'viral')",3
"('much', 'seen')",3
"('explaining', 'much')",3
"('best', 'crisprcas')",5
"('first', 'understand')",4
"('first', 'time')",4
"('covid', 'know')",3
"('awesome', 'thank')",9
"('thank', 'week')",5
"('dont', 'like')",3
"('complex', 'either')",5
"('found', 'one')",3
"('found', 'topic')",3
"('either', 'simple')",4
"('also', 'video')",6
"('amazing', 'lot')",5
"('amazing', 'thanks')",7
"('informative', 'lot')",3
"('informative', 'thanks')",4
"('im', 'rna')",3
"('confused', 'dna')",4
"('dna', 'im')",6
"('confused', 'im')",5
"('great', 'lot')",6
"('great', 'informative')",4
"('could', 'thanks')",4
"('everything', 'thanks')",4
"('amazing', 'job')",3
"('exam', 'studying')",3
"('studying', 'thank')",3
"('explain', 'well')",3
"('since', 'well')",3
"('like', 'time')",3
"('time', 'virus')",5
"('hard', 'time')",3
"('system', 'virus')",3
"('help', 'thanks')",4
"('hope', 'thanks')",3
"('crispr', 'making')",5
"('crispr', 'thanks')",17
"('great', 'vid')",4
"('great', 'making')",3
"('thanks', 'vid')",3
"('much', 'studying')",3
"('studying', 'thanks')",3
"('exam', 'final')",3
"('exam', 'much')",5
"('exam', 'thanks')",3
"('final', 'much')",3
"('final', 'thanks')",4
"('explanation', 'topic')",3
"('ca', 'explanation')",7
"('much', 'topic')",9
"('thanks', 'topic')",6
"('crispr', 'perfect')",3
"('ca', 'much')",4
"('ca', 'cancer')",3
"('perfect', 'thanks')",5
"('ca', 'thanks')",6
"('super', 'thanks')",3
"('part', 'sequence')",3
"('pam', 'sequence')",5
"('part', 'work')",3
"('part', 'please')",3
"('day', 'thank')",4
"('day', 'understand')",3
"('breaking', 'thank')",4
"('made', 'thank')",7
"('made', 'understand')",4
"('made', 'take')",4
"('another', 'type')",3
"('beneficial', 'video')",3
"('cut', 'know')",3
"('guide', 'rna')",3
"('dna', 'still')",4
"('ca', 'still')",3
"('part', 'still')",4
"('still', 'system')",4
"('know', 'still')",3
"('disease', 'human')",3
"('gene', 'human')",4
"('dna', 'grna')",3
"('crispr', 'grna')",4
"('grna', 'system')",4
"('grna', 'would')",3
"('genetic', 'making')",3
"('finally', 'making')",3
"('cell', 'making')",3
"('dna', 'inject')",3
"('bacteria', 'protein')",3
"('bacteria', 'spacer')",3
"('bacteria', 'dna')",8
"('bacteria', 'cut')",4
"('also', 'bacteria')",3
"('bacteria', 'ca')",3
"('bacteria', 'crispr')",5
"('bacteria', 'immune')",6
"('bacteria', 'system')",8
"('bacteria', 'virus')",3
"('bacteria', 'cell')",3
"('bacteria', 'need')",3
"('bio', 'wasnt')",3
"('bio', 'enough')",3
"('another', 'complex')",3
"('another', 'system')",3
"('another', 'virus')",4
"('match', 'protein')",3
"('dna', 'match')",4
"('match', 'virus')",3
"('crrna', 'protein')",3
"('protein', 'spacer')",3
"('part', 'protein')",4
"('protein', 'virus')",4
"('mechanism', 'specific')",3
"('seems', 'specific')",3
"('specific', 'system')",3
"('ca', 'crrna')",3
"('crispr', 'crrna')",3
"('crrna', 'gene')",3
"('mechanism', 'system')",3
"('mechanism', 'virus')",3
"('finally', 'mechanism')",3
"('ca', 'spacer')",4
"('insert', 'spacer')",3
"('dna', 'immune')",3
"('dna', 'seems')",4
"('dna', 'get')",6
"('dna', 'example')",4
"('dna', 'order')",3
"('material', 'part')",3
"('cell', 'material')",3
"('know', 'material')",3
"('cut', 'part')",4
"('cut', 'system')",3
"('cut', 'insert')",3
"('also', 'crispr')",3
"('also', 'part')",3
"('also', 'system')",4
"('also', 'gene')",4
"('also', 'cell')",3
"('also', 'would')",3
"('system', 'therapy')",3
"('ca', 'seems')",3
"('ca', 'disease')",3
"('ca', 'part')",6
"('crispr', 'immune')",5
"('complex', 'crispr')",4
"('crispr', 'part')",3
"('cutting', 'seems')",3
"('seems', 'system')",3
"('cutting', 'get')",3
"('get', 'rna')",3
"('get', 'part')",3
"('get', 'insert')",3
"('mentioned', 'system')",3
"('cutting', 'rna')",3
"('cutting', 'part')",4
"('cutting', 'system')",4
"('cutting', 'know')",3
"('part', 'rna')",3
"('rna', 'virus')",4
"('cell', 'rna')",5
"('part', 'system')",6
"('know', 'part')",6
"('insert', 'part')",3
"('edit', 'system')",3
"('finally', 'system')",3
"('cell', 'system')",6
"('system', 'would')",8
"('insert', 'system')",6
"('order', 'would')",3
"('gene', 'know')",3
"('insert', 'would')",3
"('much', 'two')",3
"('much', 'science')",3
"('looking', 'much')",3
"('two', 'video')",7
"('thank', 'two')",4
"('two', 'understand')",3
"('know', 'two')",3
"('honestly', 'video')",4
"('looking', 'video')",6
"('video', 'word')",3
"('science', 'thank')",6
"('science', 'watching')",4
"('science', 'understand')",5
"('didnt', 'understand')",4
"('science', 'topic')",3
"('think', 'wouldnt')",3
"('make', 'think')",3
"('confused', 'little')",3
"('im', 'little')",4
"('best', 'watched')",4
"('best', 'system')",6
"('crisprcas', 'system')",9
"('ask', 'like')",3
"('dont', 'thank')",3
"('thank', 'think')",3
"('dont', 'think')",4
"('dont', 'help')",5
"('dont', 'new')",3
"('know', 'think')",5
"('new', 'think')",3
"('crispr', 'new')",7
"('help', 'time')",3
"('ive', 'video')",16
"('complex', 'make')",4
"('help', 'understand')",3
"('help', 'one')",3
"('cut', 'one')",5
"('still', 'want')",3
"('dude', 'video')",3
"('great', 'like')",8
"('science', 'think')",3
"('ive', 'much')",9
"('complicated', 'good')",3
"('cut', 'thank')",3
"('dna', 'thank')",3
"('fight', 'virus')",5
"('crispr', 'work')",6
"('way', 'work')",3
"('thanks', 'way')",3
"('thing', 'time')",3
"('crispr', 'use')",3
"('absolutely', 'video')",3
"('crispr', 'god')",4
"('god', 'human')",3
"('give', 'thank')",3
"('bit', 'thank')",3
"('month', 'year')",3
"('get', 'two')",3
"('two', 'year')",4
"('get', 'little')",3
"('get', 'u')",3
"('high', 'year')",4
"('thank', 'want')",4
"('know', 'little')",4
"('nobel', 'prize')",6
"('ago', 'high')",3
"('great', 'help')",5
"('help', 'make')",3
"('help', 'im')",4
"('learn', 'video')",3
"('explanation', 'nice')",5
"('clear', 'helpful')",6
"('article', 'much')",3
"('article', 'thank')",3
"('much', 'write')",3
"('sense', 'thank')",5
"('explanation', 'far')",4
"('crispr', 'love')",3
"('best', 'far')",7
"('best', 'ca')",3
"('great', 'sir')",3
"('great', 'work')",7
"('ever', 'thanks')",4
"('best', 'lot')",4
"('best', 'thanks')",7
"('seen', 'thanks')",3
"('bless', 'god')",3
"('min', 'thank')",3
"('made', 'much')",5
"('explain', 'thing')",3
"('ive', 'watched')",5
"('crispr', 'ive')",6
"('ive', 'made')",3
"('crispr', 'first')",3
"('first', 'video')",3
"('extremely', 'thank')",3
"('extremely', 'helpful')",5
"('great', 'think')",3
"('made', 'think')",4
"('great', 'made')",3
"('great', 'would')",5
"('excellent', 'thanks')",3
"('dna', 'piece')",3
"('change', 'dna')",6
"('body', 'change')",3
"('amazing', 'best')",3
"('best', 'thing')",3
"('best', 'really')",3
"('technology', 'video')",4
"('like', 'one')",3
"('amazing', 'crispr')",3
"('amazing', 'really')",3
"('crisprcas', 'thing')",4
"('far', 'one')",3
"('crispr', 'saw')",3
"('crispr', 'crisprcas')",3
"('crisprcas', 'really')",3
"('genome', 'made')",3
"('human', 'made')",3
"('watched', 'watching')",3
"('watched', 'year')",4
"('class', 'watched')",3
"('biology', 'watching')",3
"('college', 'high')",3
"('high', 'watching')",3
"('college', 'year')",3
"('college', 'school')",3
"('watching', 'year')",5
"('school', 'watching')",3
"('class', 'watching')",3
"('school', 'year')",4
"('class', 'year')",4
"('class', 'school')",3
"('good', 'say')",3
"('dna', 'ever')",3
"('genome', 'know')",3
"('hey', 'thanks')",4
"('hey', 'paul')",3
"('bio', 'student')",4
"('understand', 'work')",4
"('comment', 'ive')",3
"('ive', 'since')",4
"('much', 'system')",5
"('information', 'thank')",5
"('explanation', 'wow')",3
"('awesome', 'dna')",4
"('awesome', 'cell')",3
"('awesome', 'one')",3
"('cell', 'living')",3
"('living', 'organism')",4
"('new', 'two')",3
"('question', 'time')",3
"('new', 'time')",3
"('one', 'time')",4
"('time', 'within')",3
"('bacteria', 'question')",3
"('another', 'question')",3
"('add', 'new')",3
"('bacteria', 'new')",3
"('another', 'new')",3
"('change', 'new')",3
"('new', 'virus')",4
"('one', 'watch')",3
"('got', 'well')",3
"('balance', 'video')",3
"('video', 'work')",11
"('work', 'year')",3
"('thank', 'work')",6
"('crispr', 'needed')",3
"('needed', 'thank')",5
"('make', 'understand')",4
"('everything', 'understand')",3
"('term', 'thank')",3
"('test', 'thanks')",3
"('create', 'dna')",3
"('explain', 'lot')",3
"('explain', 'thanks')",6
"('great', 'keep')",3
"('coming', 'keep')",4
"('keep', 'thank')",4
"('question', 'video')",6
"('coming', 'video')",4
"('dont', 'great')",4
"('dont', 'question')",3
"('since', 'taking')",3
"('become', 'one')",3
"('keep', 'week')",3
"('could', 'got')",3
"('help', 'taking')",3
"('one', 'well')",4
"('extremely', 'really')",3
"('help', 'week')",4
"('week', 'within')",3
"('got', 'one')",3
"('got', 'really')",4
"('much', 'needed')",5
"('everything', 'great')",4
"('everything', 'would')",3
"('disease', 'make')",3
"('cure', 'used')",3
"('disease', 'used')",3
"('dna', 'great')",3
"('go', 'great')",3
"('program', 'use')",3
"('dna', 'person')",4
"('cant', 'dna')",4
"('disease', 'use')",3
"('cell', 'use')",4
"('like', 'rna')",3
"('genome', 'like')",3
"('rna', 'viral')",3
"('know', 'look')",3
"('cell', 'viral')",3
"('ca', 'look')",3
"('ca', 'genome')",3
"('could', 'know')",4
"('people', 'world')",3
"('gon', 'na')",3
"('one', 'watched')",5
"('explain', 'watched')",3
"('biology', 'major')",3
"('ive', 'never')",3
"('professor', 'video')",3
"('bio', 'video')",5
"('taken', 'video')",3
"('biology', 'thank')",8
"('class', 'ive')",3
"('ive', 'one')",3
"('explain', 'ive')",3
"('im', 'ive')",4
"('far', 'ive')",4
"('bio', 'class')",3
"('class', 'taken')",3
"('bio', 'biology')",3
"('biology', 'explain')",3
"('bio', 'im')",3
"('explain', 'one')",3
"('im', 'one')",3
"('helpful', 'u')",4
"('got', 'like')",3
"('future', 'like')",3
"('crispr', 'got')",3
"('explanation', 'right')",3
"('explanation', 'point')",3
"('crispr', 'right')",4
"('great', 'right')",3
"('great', 'point')",3
"('complexity', 'thank')",3
"('dna', 'end')",4
"('new', 'used')",6
"('used', 'virus')",4
"('new', 'rna')",4
"('end', 'new')",3
"('new', 'protein')",4
"('great', 'still')",3
"('say', 'still')",3
"('science', 'still')",5
"('much', 'understanding')",3
"('concept', 'understand')",3
"('helped', 'understand')",5
"('thanks', 'understanding')",3
"('molecular', 'thanks')",3
"('biology', 'thanks')",4
"('mechanism', 'thanks')",3
"('could', 'wish')",6
"('channel', 'explanation')",4
"('explanation', 'new')",4
"('explanation', 'would')",3
"('also', 'explanation')",3
"('also', 'new')",3
"('like', 'u')",3
"('case', 'dna')",4
"('dna', 'infection')",3
"('made', 'use')",3
"('case', 'made')",3
"('didnt', 'made')",3
"('case', 'use')",3
"('easy', 'video')",6
"('big', 'video')",4
"('dna', 'fix')",3
"('dna', 'problem')",3
"('dna', 'existing')",3
"('dna', 'going')",3
"('dont', 'get')",4
"('get', 'new')",5
"('cell', 'dont')",5
"('crispr', 'fix')",3
"('cell', 'going')",3
"('going', 'new')",3
"('since', 'time')",3
"('could', 'new')",3
"('could', 'time')",5
"('could', 'u')",3
"('excellent', 'thank')",5
"('complex', 'explanation')",3
"('sequence', 'system')",3
"('bacteria', 'phage')",3
"('clear', 'really')",3
"('could', 'go')",3
"('lot', 'paul')",3
"('hey', 'video')",4
"('helpful', 'hey')",3
"('helpful', 'honestly')",3
"('since', 'think')",3
"('cell', 'u')",4
"('explanation', 'gene')",5
"('come', 'gene')",4
"('ca', 'come')",3
"('dna', 'inserted')",5
"('thank', 'way')",4
"('new', 'system')",7
"('easy', 'great')",3
"('easy', 'way')",3
"('quite', 'video')",3
"('left', 'video')",3
"('ive', 'lot')",3
"('quite', 'thank')",3
"('exam', 'saved')",4
"('host', 'inserted')",3
"('host', 'mean')",3
"('dna', 'mean')",5
"('bozeman', 'video')",7
"('bozeman', 'thank')",4
"('bozeman', 'science')",5
"('finally', 'understand')",4
"('understand', 'well')",5
"('got', 'understand')",3
"('u', 'understand')",3
"('explanation', 'hey')",3
"('explanation', 'paul')",3
"('student', 'understand')",3
"('understand', 'year')",3
"('dna', 'little')",3
"('dna', 'work')",3
"('little', 'part')",3
"('inserted', 'know')",3
"('inserted', 'part')",4
"('inserted', 'system')",3
"('part', 'question')",4
"('question', 'system')",5
"('know', 'work')",3
"('new', 'work')",4
"('system', 'work')",4
"('think', 'way')",3
"('new', 'part')",3
"('make', 'new')",5
"('system', 'way')",3
"('system', 'third')",3
"('much', 'yet')",3
"('good', 'much')",3
"('cancer', 'cure')",3
"('time', 'used')",3
"('taking', 'time')",3
"('taking', 'year')",3
"('degree', 'science')",3
"('could', 'im')",4
"('editing', 'explanation')",3
"('ever', 'great')",4
"('best', 'ive')",7
"('video', 'wish')",3
"('paul', 'thank')",7
"('helpful', 'paul')",4
"('bacteria', 'genome')",4
"('genome', 'system')",3
"('genome', 'immune')",3
"('dna', 'insertion')",3
"('part', 'thanks')",4
"('add', 'thanks')",4
"('since', 'video')",6
"('since', 'watching')",3
"('since', 'thanks')",4
"('still', 'thanks')",3
"('im', 'still')",3
"('studying', 'video')",3
"('exam', 'video')",7
"('helping', 'video')",4
"('biology', 'studying')",3
"('thanks', 'watching')",3
"('im', 'watching')",4
"('thanks', 'university')",3
"('helping', 'thanks')",5
"('thanks', 'youre')",3
"('biology', 'exam')",3
"('helping', 'im')",3
"('nice', 'work')",3
"('bacteria', 'point')",3
"('like', 'protein')",3
"('ca', 'class')",3
"('class', 'protein')",3
"('ap', 'bio')",4
"('ap', 'thanks')",3
"('bio', 'thanks')",6
"('better', 'great')",3
"('better', 'much')",3
"('crispr', 'foreign')",3
"('crrna', 'video')",3
"('much', 'simply')",3
"('nothing', 'video')",3
"('coli', 'e')",3
"('made', 'system')",4
"('cut', 'im')",3
"('im', 'part')",3
"('explanation', 'yet')",4
"('paul', 'video')",8
"('dna', 'wait')",3
"('cut', 'question')",3
"('crispr', 'find')",3
"('question', 'sequence')",3
"('better', 'gene')",3
"('great', 'used')",3
"('cell', 'video')",8
"('gene', 'used')",3
"('used', 'video')",3
"('one', 'used')",3
"('insert', 'video')",3
"('introduce', 'video')",3
"('enzyme', 'restriction')",3
"('lot', 'understand')",4
"('much', 'trying')",4
"('concept', 'time')",3
"('concept', 'thank')",3
"('explains', 'video')",3
"('cystic', 'fibrosis')",3
"('video', 'yet')",5
"('get', 'science')",3
"('make', 'simple')",3
"('people', 'understand')",4
"('hope', 'science')",3
"('make', 'science')",3
"('incredible', 'thank')",3
"('biology', 'teacher')",3
"('complex', 'find')",3
"('find', 'video')",6
"('great', 'well')",4
"('cant', 'video')",4
"('found', 'ive')",4
"('helpful', 'ive')",5
"('found', 'helpful')",6
"('new', 'sequence')",4
"('gene', 'high')",3
"('explanation', 'system')",5
"('another', 'video')",3
"('much', 'saved')",3
"('simply', 'thank')",4
"('high', 'used')",3
"('high', 'watch')",3
"('school', 'used')",3
"('used', 'watch')",3
"('im', 'would')",3
"('school', 'watch')",4
"('excellent', 'explanation')",4
"('right', 'thank')",4
"('thanks', 'understandable')",3
"('cell', 'something')",3
"('get', 'something')",3
"('case', 'gene')",3
"('case', 'one')",3
"('since', 'student')",3
"('class', 'since')",3
"('great', 'student')",4
"('class', 'great')",3
"('job', 'understand')",3
"('student', 'time')",3
"('class', 'get')",3
"('show', 'video')",3
"('going', 'understand')",3
"('thing', 'way')",4
"('student', 'undergraduate')",3
"('helpful', 'student')",3
"('go', 'student')",3
"('im', 'undergraduate')",3
"('thanks', 'undergraduate')",3
"('crispr', 'project')",4
"('hey', 'project')",3
"('crispr', 'hey')",3
"('hey', 'need')",3
"('hey', 'im')",3
"('go', 'im')",4
"('go', 'thanks')",5
"('could', 'dna')",4
"('could', 'dont')",4
"('clear', 'thanks')",6
"('great', 'watched')",4
"('helpful', 'one')",3
"('break', 'even')",3
"('discovered', 'even')",3
"('bacteria', 'infection')",3
"('system', 'yet')",3
"('break', 'system')",3
"('infection', 'virus')",3
"('insert', 'make')",3
"('much', 'struggling')",3
"('everything', 'im')",4
"('gene', 'say')",3
"('say', 'want')",3
"('insert', 'want')",3
"('im', 'want')",3
"('im', 'insert')",3
"('lot', 'system')",4
"('heard', 'system')",3
"('system', 'thanks')",6
"('crisprcas', 'lot')",3
"('crisprcas', 'made')",3
"('detail', 'great')",3
"('didnt', 'thanks')",3
"('heard', 'made')",3
"('detail', 'thanks')",4
"('figure', 'video')",3
"('thing', 'think')",3
"('needed', 'video')",3
"('explaining', 'hope')",3
"('helpful', 'topic')",4
"('science', 'technology')",3
"('living', 'video')",3
"('u', 'way')",4
"('great', 'year')",3
"('awesome', 'much')",5
"('much', 'technique')",3
"('clear', 'lot')",3
"('amazing', 'make')",3
"('biology', 'help')",3
"('molecular', 'thank')",3
"('go', 'one')",4
"('clear', 'crispr')",4
"('right', 'thanks')",3
"('good', 'thanks')",5
"('finally', 'helpful')",4
"('new', 'video')",3
"('ive', 'year')",5
"('im', 'year')",4
"('crisprcas', 'ive')",3
"('finally', 'thanks')",3
"('new', 'thanks')",4
"('far', 'thanks')",3
"('mechanism', 'new')",4
"('exam', 'lot')",3
"('two', 'week')",3
"('video', 'week')",3
"('explanation', 'thats')",3
"('dont', 'rna')",4
"('finally', 'much')",5
"('could', 'system')",4
"('new', 'spacer')",3
"('explanation', 'power')",3
"('explanation', 'still')",3
"('senior', 'year')",3
"('bio', 'year')",3
"('helping', 'year')",3
"('high', 'thanks')",4
"('school', 'thanks')",5
"('bio', 'high')",3
"('bio', 'school')",3
"('new', 'wonder')",3
"('dna', 'every')",3
"('new', 'really')",3
"('really', 'work')",3
"('host', 'video')",4
"('level', 'perfect')",3
"('excellent', 'rna')",3
"('make', 'thanks')",3
"('even', 'understand')",3
"('help', 'u')",3
"('help', 'hey')",3
"('im', 'topic')",3
"('really', 'topic')",3
"('class', 'topic')",3
"('class', 'really')",4
"('class', 'thanks')",6
"('crisprcas', 'every')",3
"('body', 'crisprcas')",3
"('human', 'think')",3
"('grna', 'video')",5
"('information', 'video')",4
"('could', 'would')",3
"('nice', 'system')",3
"('even', 'great')",3
"('lot', 'well')",3
"('rna', 'understand')",3
"('rna', 'thanks')",3
"('got', 'thanks')",3
"('human', 'take')",3
"('level', 'thanks')",3
"('great', 'presentation')",3
"('great', 'paul')",3
"('could', 'way')",3
"('dont', 'im')",4
"('im', 'similar')",3
"('since', 'year')",3
"('school', 'student')",3
"('ive', 'school')",3
"('class', 'helpful')",3
"('presentation', 'topic')",3
"('got', 'topic')",3
"('college', 'thank')",4
"('thank', 'would')",3
"('explanation', 'job')",3
"('really', 'struggling')",3
"('hard', 'thank')",3
"('helpful', 'information')",4
"('dna', 'much')",3
"('dont', 'much')",3
"('much', 'scientist')",3
"('even', 'scientist')",3
"('ive', 'topic')",3
"('explain', 'student')",3
"('explain', 'helpful')",3
"('student', 'topic')",4
"('school', 'topic')",3
"('really', 'school')",3
"('far', 'helpful')",3
"('human', 'new')",3
"('simple', 'term')",3
"('clear', 'made')",3
"('information', 'much')",3
"('gene', 'thanks')",3
"('enough', 'go')",3
"('dont', 'made')",3
"('much', 'presentation')",3
"('great', 'human')",3
"('added', 'host')",3
"('added', 'gene')",4
"('added', 'ca')",4
"('biology', 'great')",3
"('everything', 'topic')",3
"('instead', 'one')",3
"('lot', 'understandable')",3
"('crisprcas', 'gene')",3
"('made', 'using')",3
"('paul', 'topic')",3
"('one', 'science')",3
"('cant', 'thank')",3
"('added', 'part')",3
"('example', 'time')",3
"('could', 'example')",3
"('added', 'new')",3
"('added', 'system')",3
"('crispr', 'nice')",3
"('explain', 'u')",3
"('good', 'looking')",3
"('good', 'please')",3
"('idea', 'video')",3
"('exam', 'idea')",3
"('student', 'teacher')",3
